,A,B,C,D
2000-01-01,2.8805592438578747,0.34871958791498175,-0.9517980549340418,-1.1405561153127124
2000-01-02,3.99143154462648,1.6145655048253926,0.45952069025063425,-1.137019301887723
2000-01-03,3.9589737835324157,0.9308685783702767,2.0733776050261175,-0.16486027670167758
2000-01-04,3.7877958503641023,0.17871209125327592,4.054002735952328,-1.1339768396223087
2000-01-05,3.8500335868907047,1.897729208454939,3.665603638410919,-0.9141395469797289
2000-01-06,3.8346173684885447,1.9952220745576466,4.7120827650875095,-2.1808954277966492
2000-01-07,4.505563111794817,1.544526232472601,3.936416612340154,-2.760024428770963
2000-01-08,5.80364563338842,0.06801941514516785,2.3496577429740197,-2.7477303668073945
2000-01-09,6.232868236429331,0.2763575389989894,1.717055708930664,-3.1700938194193724
2000-01-10,5.037846344608509,-0.2029736249037155,2.9974219404901987,-2.383428882369186
2000-01-11,4.988298819715281,-0.23817622416377685,4.170851871781975,-3.2775334413759665
2000-01-12,5.789292723085231,-0.6574985484022361,3.2584236920926504,-5.0395763042950845
2000-01-13,6.588279895920617,-0.7727005344987792,3.678837009114171,-4.710619354039853
2000-01-14,5.560621010459974,0.6498848842117393,1.9529532616069443,-5.349731312489946
2000-01-15,4.710310911223695,0.6769604143067464,1.8927347207632572,-5.178321722365807
2000-01-16,3.744029774807057,1.3321102953776618,0.6187499964186416,-4.83165043246683
2000-01-17,2.9913071128682245,2.6920440208157466,0.85277488972401,-5.375545910100548
2000-01-18,2.8749363675085897,3.8574995364047173,0.9510936886697453,-5.490759081501266
2000-01-19,2.202072239359237,3.6104871308772375,0.9151603479537742,-5.592875318068332
2000-01-20,3.0016138086856126,2.4522237379626253,0.4515184175178962,-4.429617059247905
2000-01-21,3.1158178712748312,2.6962679521288058,0.21563628501203136,-5.762172675321401
2000-01-22,2.6176795328147433,3.0046044185900502,-2.5336328953451894,-5.695079832409567
2000-01-23,0.5505322922288189,3.725022482606704,-2.641715144524169,-4.97875068251348
2000-01-24,-0.3016200687889641,4.740055554275056,-0.5358433616924319,-5.081986096992997
2000-01-25,0.1862535344928698,4.490968770113808,-0.6034496010688962,-3.686742262130632
2000-01-26,-0.21171830706066458,3.9309898787923387,0.12353434404388386,-4.156969520345957
2000-01-27,1.5154256075119765,3.0085028958172844,0.9184256528589535,-5.147894147852844
2000-01-28,2.8608899470649245,4.787571821094684,1.475305367411062,-5.67203444002523
2000-01-29,0.9089836990276334,6.3008641545914434,2.071019584563152,-5.900859924457336
2000-01-30,1.0226615183194045,6.776686982273262,1.284297530708277,-7.626489306772422
2000-01-31,0.6869597528357345,6.064143316998534,2.100232348809725,-6.627250032166266
2000-02-01,1.051116361734181,8.121302547692494,1.9706181212064202,-6.5683731697478756
2000-02-02,1.8971171570937715,7.299883093072045,1.9390502651684192,-8.190846952015566
2000-02-03,1.5102569450448273,7.389180165886862,3.208380147433349,-6.8697088967990965
2000-02-04,1.0839323295165348,7.063992512240537,4.65830090197599,-6.338335521302621
2000-02-05,-0.051132149733827736,6.009842532460058,3.9774325952084197,-5.3714113481498895
2000-02-06,3.5414258745328357,6.473853993835723,3.2483104033275865,-5.938372870422548
2000-02-07,4.112727011850961,7.118429542845542,4.447098183278596,-5.108960983398064
2000-02-08,2.8030271320435833,5.789010114034216,3.905098082713135,-4.003083904824609
2000-02-09,2.4560411215473854,4.248910054534193,5.158290878534967,-3.9594012512970447
2000-02-10,2.335643154757062,4.449232194303905,4.864365136836052,-3.612242664769438
2000-02-11,3.3053152271149155,3.6185689960130825,4.861136494133454,-2.6259094014030646
2000-02-12,1.852852482880556,3.1481892467633936,4.217419225964943,-2.591586542315768
2000-02-13,0.957449480285928,1.185714688369786,2.477531279918331,-4.3428281970001406
2000-02-14,0.864605036795978,1.406128492380622,0.5521315375317255,-3.167146434063337
2000-02-15,0.5288009500563631,-0.7569947702688287,1.8799174579166351,-3.940602539391691
2000-02-16,-0.5047298230665276,-1.266450696550618,1.3987880132906207,-4.0062881201240765
2000-02-17,0.07336896815266103,-2.1879670084143923,2.6710661423903264,-3.3849489771876335
2000-02-18,1.051612912624251,-2.3646052814647915,2.178017058450378,-3.7668498443361758
2000-02-19,-1.0866615605850323,-2.1212742876684048,2.5060626099730086,-2.2303329770829414
2000-02-20,-1.441588899734265,-3.942556391820095,1.219461964905519,-2.9673627862121044
2000-02-21,-0.31770452497984003,-3.909706752234194,1.2809697338116932,-3.890600015419516
2000-02-22,-0.47098242879408975,-3.503557763849572,2.9402202465707763,-3.5503484511814034
2000-02-23,-1.1940979663179792,-3.9132979226345386,3.8842914018767685,-1.5326824677571036
2000-02-24,-1.5618018293781886,-4.284078347151581,4.480774675218446,-0.14492146139581785
2000-02-25,-1.9690713280085608,-4.2601763344253,2.9227951684020907,0.4551667318599215
2000-02-26,-1.8193524832430361,-4.316957912915254,2.094341833157031,-0.08089276995562622
2000-02-27,-1.8516461332845748,-4.080635634531779,3.295382575569202,-1.3648370729827985
2000-02-28,-2.42644157025823,-3.833288320664625,3.470710377730007,0.2543948165310701
2000-02-29,-2.8325655032830523,-4.488868485895532,3.9103415887689654,1.1041446773001176
2000-03-01,-1.4870979104440918,-4.174580595586766,3.3894308218562093,2.1026913797404925
2000-03-02,-0.7744095725861344,-3.7456347214415557,3.2309817139739336,0.15979615920644563
2000-03-03,0.3093151714460809,-3.405925315164437,2.932006759855171,-0.17267947180187748
2000-03-04,1.419376291570658,-3.795202138133644,3.439858513125192,0.06295946596331109
2000-03-05,2.1026206161590437,-3.6223691690436035,2.5692446722247158,0.8183953657733942
2000-03-06,1.054378462108854,-5.355661796805348,2.175541487567456,0.2386981328813952
2000-03-07,1.8814179714845851,-5.881644287637722,0.8017483082812864,-0.43682737821532214
2000-03-08,3.4462376368374636,-6.828492970518197,1.034256823072017,-1.9184236317806027
2000-03-09,3.0487979811756234,-6.918675171162629,1.6001124001572364,-1.2052796715726628
2000-03-10,2.95113432635113,-6.643977195380148,0.09577759859436674,-1.8012150642282392
2000-03-11,2.4352046838501624,-8.010342370593168,0.04707393995597097,-1.8081512831781548
2000-03-12,1.9586016836661224,-8.29589295394606,0.4645784173528713,-1.7123737592454666
2000-03-13,2.882123684732492,-7.027895705636418,-1.014513293598892,-1.7499427368935585
2000-03-14,3.734578039955772,-5.422979699921658,-1.0658834767740744,-2.662854989917988
2000-03-15,2.4927504309318325,-6.37919292851297,-2.187427276632458,-2.3380819886387076
2000-03-16,3.0060336013676765,-6.323138509663844,-2.952167819674809,-4.461302985546155
2000-03-17,1.9447171117746163,-5.748796558190513,-5.13898687565374,-4.79165403081137
2000-03-18,2.0962980868328716,-4.812545699075756,-4.85636377901511,-5.672427376059973
2000-03-19,2.4691276267000797,-4.73812094836051,-5.30491212617633,-5.909511412962631
2000-03-20,2.3491938079902757,-4.69509787685324,-4.607183845263902,-6.158580640034231
2000-03-21,2.6316400736624446,-5.631891329057751,-4.136888867153327,-6.312728071425803
2000-03-22,2.479265408407021,-5.241093507636338,-4.596457787644108,-6.147721294713184
2000-03-23,3.125776191298371,-5.513734584972277,-3.8530151286885848,-5.773545830904842
2000-03-24,2.403390668510804,-3.2197803299617194,-5.692399262334572,-6.892324192483046
2000-03-25,2.5168257956173785,-3.963244418286056,-5.977003095601331,-6.635187849186662
2000-03-26,3.16892380245584,-3.984874522472232,-6.648353445670266,-6.446052520475398
2000-03-27,2.1173682254819077,-4.156613789258466,-7.253419688640919,-7.6383533053509005
2000-03-28,1.9722962296853321,-4.724677659147903,-7.084445837291184,-7.9034403508824465
2000-03-29,1.4292820570024523,-6.432518680048041,-8.163352028875295,-6.198348142461226
2000-03-30,0.3142479470448438,-6.185866396468712,-7.626188060157995,-6.238210618295462
2000-03-31,0.31422245569132895,-8.235687897732392,-8.4691033635528,-6.844216908831847
2000-04-01,-0.07799104056844564,-8.443415582825915,-9.237023763021169,-6.404854545769703
2000-04-02,-0.9409833482226729,-8.680825099384515,-9.132044243517191,-5.637564054243535
2000-04-03,0.3271509055161542,-8.344850686541871,-9.852489200589101,-6.923562897393202
2000-04-04,-0.6001006876439393,-8.774213167425522,-9.079273816771247,-6.536362150597928
2000-04-05,-1.2526380553622838,-9.263973220183209,-9.637513393894244,-7.400323595839473
2000-04-06,0.42174839505645845,-9.434316411628902,-10.115420771889195,-8.50101228908957
2000-04-07,-0.680723406534055,-10.085134254677632,-10.799892982270167,-8.040328718386727
2000-04-08,-0.16499342515984639,-10.560991123720543,-10.322581695641746,-7.845781682679887
2000-04-09,-0.9843679087220891,-9.807457409661987,-11.135720413497321,-8.783722215771549
2000-04-10,-2.1432867444371393,-10.92802322216255,-13.39755352508174,-10.648764713956828
2000-04-11,-1.83806915191369,-12.34612389060946,-12.295063771865804,-11.586306999542563
2000-04-12,-1.2906069574929369,-11.831792626305216,-12.540003265600022,-11.470133709766722
2000-04-13,-0.9064214246124045,-13.229090717390529,-12.249516233209217,-9.986654761563214
2000-04-14,0.04476621401761094,-14.234699724252783,-12.198786258371909,-9.288589607264388
2000-04-15,-0.6036746105598669,-14.563620319647475,-10.46820494043921,-10.420367258605271
2000-04-16,-0.5085730008094204,-15.213904685978507,-8.987876478057915,-11.972786941345218
2000-04-17,0.2444043056611117,-13.931273164387814,-8.367152095547395,-13.762083674864872
2000-04-18,0.8213531463902896,-15.535793582192523,-7.0883704602999345,-13.080493348376862
2000-04-19,0.5145654551126291,-15.966561220661442,-7.538774548438592,-13.880657045262998
2000-04-20,2.3584700070344216,-16.18280818633963,-9.764680193872334,-12.976347494952988
2000-04-21,1.9401214111303178,-15.595965459182638,-9.669843403098591,-12.684316951085707
2000-04-22,1.5932743030963104,-17.388684529330593,-9.17083778615309,-13.385115696338712
2000-04-23,2.1556896844411124,-19.002733679996762,-9.845546537916169,-15.095699095834894
2000-04-24,3.5487713097333735,-17.533125429280688,-10.066987533531046,-14.691299467298867
2000-04-25,4.353635071745503,-16.894353570758646,-11.491398826263428,-15.327569062979784
2000-04-26,3.911839180768384,-17.22721093458002,-10.839746107239943,-16.537487644829696
2000-04-27,5.089973453638104,-16.575697090087495,-10.535087994341325,-16.22590854220573
2000-04-28,3.999546045217297,-17.435378470230745,-11.35061672937839,-14.932296239640793
2000-04-29,4.449833280070687,-20.240708269498807,-11.427144891512059,-15.676813114797369
2000-04-30,6.042387071197417,-20.950517145891936,-10.757630320412911,-14.442341624776283
2000-05-01,6.9996837107283305,-22.033572647998326,-10.834755505759228,-15.074613402368394
2000-05-02,5.789770687316755,-20.99769810311077,-10.147200578788055,-15.599362701869197
2000-05-03,6.388793394046803,-20.705202754175282,-9.076957484610027,-14.81284621658263
2000-05-04,5.434876691505865,-20.047714078594513,-8.921548862874028,-13.994336812490518
2000-05-05,5.8936999178388385,-20.526680176687712,-9.100158949898844,-16.29796406024889
2000-05-06,5.095582000236844,-21.244568944438758,-9.324490567230697,-16.876961541581394
2000-05-07,2.6468358792017246,-20.891560238653977,-8.379759951494156,-17.65622997290282
2000-05-08,3.990810025018962,-21.38746496013739,-8.046531365852307,-17.824946571674083
2000-05-09,4.470871184077283,-20.87427779692861,-7.746058718981653,-17.981934242352718
2000-05-10,4.578196797418115,-21.987606474602973,-9.242271160925931,-18.782956290467077
2000-05-11,5.346315025299963,-20.801656386320854,-9.279945020306311,-17.00610973083864
2000-05-12,6.12422006388697,-16.735514798214055,-7.321508672878952,-15.450516486882682
2000-05-13,5.70070931663621,-16.910910232855667,-7.466127981162949,-15.426733951835663
2000-05-14,5.659976472756326,-19.584560755665585,-6.392733790657978,-15.4844729149417
2000-05-15,4.699186534605422,-18.197249575620422,-5.683981625481583,-14.295124226573947
2000-05-16,3.29906939694012,-20.374224778069895,-6.766544216878045,-13.762494126976176
2000-05-17,3.685154000152226,-20.922208023990187,-8.254667664667029,-13.376225074866571
2000-05-18,3.782632864636393,-19.347860783661975,-9.345317852352883,-12.747210332138364
2000-05-19,3.907212041554177,-18.089907498140274,-8.485163855917076,-13.63080243917597
2000-05-20,5.119313817563635,-16.42446042407018,-7.320706754483298,-14.304178053746867
2000-05-21,5.361880642009029,-15.307882947488135,-8.53350798715057,-15.678508765139242
2000-05-22,6.378371208197259,-15.997933584728282,-8.585923861214548,-15.129132340108333
2000-05-23,7.03323034757143,-16.547342832135687,-9.593910215555248,-13.778083079721
2000-05-24,6.350880982265757,-14.656899784772225,-8.658404591804729,-13.880277984214167
2000-05-25,6.357798231977268,-13.887329772357713,-7.3983513760358885,-11.651330130640696
2000-05-26,7.972176951529178,-15.53831121802693,-8.725137815307228,-12.85740203570673
2000-05-27,6.674752808746804,-13.879680652817413,-8.315437564744682,-13.468896347552151
2000-05-28,8.108288691657664,-14.03698837609408,-8.191931189936268,-14.660386423431987
2000-05-29,8.392285012247752,-13.215634862552376,-8.24627495693806,-15.91659979517559
2000-05-30,7.277675070403864,-14.448571390634866,-8.250298183012687,-16.273996950437347
2000-05-31,7.012034429511504,-14.408856531101794,-7.941183015447053,-14.334925651063147
2000-06-01,6.752205897672437,-13.567268262237889,-8.422736724874762,-13.310506807740845
2000-06-02,5.6047423083011845,-14.002683575461829,-8.897425710517714,-12.323224599810736
2000-06-03,5.673271939100221,-15.116383463506565,-9.441872728916476,-11.652499728666086
2000-06-04,4.382379487862621,-14.045043345762512,-9.253707037560178,-12.465477882155591
2000-06-05,4.1270683605043645,-12.818360910870364,-9.804268325320907,-11.250791722368254
2000-06-06,3.844715236813756,-11.940961720815677,-8.373955463665396,-10.524145265228881
2000-06-07,2.9016491648539144,-11.261963478071175,-7.311347904798941,-11.338488501631975
2000-06-08,2.37398864658043,-11.18687383070202,-7.719715054540993,-10.881903226235902
2000-06-09,4.409105082490827,-10.162938331906037,-7.832770810776514,-10.492061276905847
2000-06-10,3.693860126235341,-8.479095235965985,-10.58004548872369,-11.537217323836167
2000-06-11,4.6795106504865265,-10.611450817006336,-11.834861068088305,-10.438392449724898
2000-06-12,5.228016654198739,-11.507918553622174,-10.409117995614245,-10.715700901701194
2000-06-13,5.174199029979527,-10.690075948875522,-10.784343151241531,-10.373304644557834
2000-06-14,6.070495987515861,-10.94388465176144,-9.253290247570927,-10.216857926160333
2000-06-15,4.9589434219388115,-9.81438193432687,-10.112198151057125,-7.691362817963148
2000-06-16,3.532566344839013,-8.053786762379302,-10.920763845209924,-6.952094100940016
2000-06-17,3.158498663797097,-8.203064440023677,-10.402242403206095,-8.484521203757314
2000-06-18,5.062847899105012,-9.735802005860315,-12.807082694512212,-8.032920493966863
2000-06-19,6.363538926310951,-10.177005747911467,-14.147499072816696,-8.628153759321581
2000-06-20,7.0453651227539025,-11.613378709907746,-13.521663320098513,-8.979360736484253
2000-06-21,5.370928882025095,-11.797134373401391,-12.585967657904352,-10.874324164728497
2000-06-22,5.5552597581864624,-11.606643822236052,-13.37975667484105,-12.204524190707168
2000-06-23,4.799236653252536,-10.806677908554986,-12.396509597563478,-10.960314639851505
2000-06-24,3.2706951369024457,-10.650117435253161,-12.080786620924027,-12.263868546607583
2000-06-25,2.8764471074626443,-8.754604310089789,-13.681729729000901,-12.683695439287396
2000-06-26,1.6216355015301924,-9.216060806959822,-13.41754605689489,-12.094907335041903
2000-06-27,2.6712400775775844,-9.619087764512676,-14.621137116688882,-10.847735057229183
2000-06-28,3.0035937314334875,-8.73487078815482,-14.15661584883323,-10.113926348662098
2000-06-29,2.2476795620051258,-8.526215767565215,-14.113218690780245,-8.812623027901406
2000-06-30,2.5808433965570745,-7.910328120481803,-13.74867201697371,-8.005746368576851
2000-07-01,2.679842950669304,-9.851789760093416,-12.25876776496275,-6.733116675822883
2000-07-02,1.8796801678674715,-11.144387993758617,-12.067124831557521,-4.98034750804617
2000-07-03,3.0951999096395637,-10.735059021737827,-12.040253132216447,-5.088080644939715
2000-07-04,2.4919444623917117,-9.2931782814606,-11.824578279997846,-3.3855062491625563
2000-07-05,2.723348887227249,-8.534340674777088,-9.84889072302107,-2.858157142287677
2000-07-06,0.8805307511084881,-9.11076945850634,-10.842697603021366,-3.559534142548643
2000-07-07,0.8638962150413252,-9.577832446421152,-12.691576671389008,-5.4536703115288985
2000-07-08,0.6028510656617172,-9.878640200226066,-13.552632752041642,-4.672065655971746
2000-07-09,0.4696336739784533,-8.68015817541617,-15.270916672569385,-5.819828204353895
2000-07-10,-0.1405636816072195,-8.744943682957729,-15.626700083220179,-4.453054066244458
2000-07-11,-1.1950283301076086,-8.417262633344047,-15.024565024407213,-5.033520587897881
2000-07-12,0.4930761689305132,-6.936207833716908,-14.10226072435028,-5.172626817129076
2000-07-13,0.07259978255652588,-5.726148900355411,-15.474960989922867,-6.018538513544697
2000-07-14,0.7837850035638965,-5.9564171819252945,-13.613272127933978,-7.133902874546792
2000-07-15,1.060364143135161,-8.341197990201046,-12.102483695974371,-5.91542151956304
2000-07-16,0.9593490588516391,-7.785494150755359,-12.67525721465377,-3.7913825315505965
2000-07-17,1.492147443032597,-9.618316740352912,-11.912692695209378,-3.1793558473740253
2000-07-18,0.5336627556083317,-9.434456277003001,-11.850539160845406,-3.953565028670594
2000-07-19,1.0208881895918949,-8.195034566050182,-11.172373242915455,-6.01906100902196
2000-07-20,-0.329625250505059,-8.148477668726919,-10.816716380039763,-7.03428108015949
2000-07-21,0.08004876534353361,-6.910430304053768,-11.656930709217075,-6.947924405881062
2000-07-22,0.7747234629115298,-7.014898904878192,-10.960137264296065,-6.625907705923049
2000-07-23,1.7842665822236525,-7.093632752419226,-10.700346036416198,-6.4897974423270135
2000-07-24,2.407443819856053,-4.953603480280368,-9.428650784178291,-5.5558256014598
2000-07-25,2.6550449322860574,-3.9766571328855633,-9.779379974891546,-4.1294640760311765
2000-07-26,3.62406947572524,-4.41785136264969,-11.222860527544718,-4.051259064753321
2000-07-27,3.5350607915540366,-5.299241042981727,-11.715546956044275,-5.3206246136663555
2000-07-28,4.692923528913406,-3.303384900432669,-11.661269620287705,-5.13763876054799
2000-07-29,4.49029348853121,-2.557038253349894,-11.161807702720617,-5.463801433711613
2000-07-30,4.971611910521384,-2.783438694320385,-12.133570901217276,-4.666225007562725
2000-07-31,3.776361480619588,-2.114582554947918,-12.070294264673908,-4.133477046602671
2000-08-01,3.129773881245063,-3.9017388734690845,-13.562215846507709,-3.729892386967981
2000-08-02,3.564366114503024,-4.745630834651548,-12.028160878044941,-4.097801552349967
2000-08-03,3.8424970282507336,-4.818453069692504,-12.569941647122215,-5.279433741958298
2000-08-04,3.229772397134256,-3.1971585484276557,-12.241947608157162,-6.485662481749531
2000-08-05,3.9318684498314376,-3.3801144227796525,-12.963998512186269,-7.578603447550827
2000-08-06,2.0564381825046985,-4.102767833516968,-11.10739681834835,-7.077158425516037
2000-08-07,2.4287093372448187,-3.8311991834032555,-13.855018114837607,-5.452106303493495
2000-08-08,2.3703143060092393,-4.1948054361339695,-13.415330969973898,-3.776309473767482
2000-08-09,3.180725410102288,-5.3599061718725265,-13.081343051092357,-3.6418961978592574
2000-08-10,2.219049014479837,-7.255803427551225,-14.15280580107331,-2.9005208683923964
2000-08-11,3.226291790131769,-8.74745623479302,-13.593871142570382,-3.9434816241092028
2000-08-12,2.823580668381075,-7.2802170230474665,-14.13606927609053,-1.294405261607535
2000-08-13,4.862039189042023,-8.290571547606595,-14.239604809623028,-2.750296984111136
2000-08-14,4.752929719395558,-8.031160491861703,-14.276206747245833,-2.6589461027489496
2000-08-15,3.4349368815764825,-8.385798958000956,-14.881795949101717,-2.9064014781535215
2000-08-16,1.0576297583803216,-9.525076497940264,-15.232555175302833,-2.2698318556090813
2000-08-17,0.8769739330278034,-9.194011254780806,-15.202846456517026,-1.58990634148911
2000-08-18,1.4072690747002863,-8.433217015759594,-14.046855811791673,-1.4641364802096766
2000-08-19,-0.49995242825495767,-9.84160623639431,-12.694952538991368,-3.432961053137076
2000-08-20,-0.38379281377971636,-8.879007945172004,-14.637334522352154,-3.8073206323628392
2000-08-21,0.7785547421710002,-7.8036530031136495,-13.09258533168021,-4.3539965849676605
2000-08-22,0.9024392090161477,-7.613042891347269,-13.1641824038031,-5.393429990062535
2000-08-23,1.2501256341300084,-7.470427494944563,-13.326168288578156,-5.952672146363227
2000-08-24,1.736993219901367,-7.81277817462952,-13.72397612460773,-5.173890299442604
2000-08-25,2.4574765999154895,-6.6042500274230775,-11.839212553683772,-4.18365540441269
2000-08-26,2.513665906709372,-7.865123823172162,-12.829769524059799,-3.162372761167783
2000-08-27,3.5458461671708146,-8.151020372081764,-11.162665768223341,-1.0977411034147218
2000-08-28,3.5292037604550366,-9.833164353130583,-10.84515878335141,0.074859711000133
2000-08-29,3.4296201559783532,-10.989264708172257,-10.16352651692859,0.34909183423859175
2000-08-30,2.457591106463922,-9.67545901227748,-10.831181431770634,0.8652925429985865
2000-08-31,2.8641021722551336,-9.850341907978105,-10.18640480762233,1.5493307725121228
2000-09-01,3.6908349478277658,-8.971315330100506,-8.958393906234278,2.7703964894448294
2000-09-02,4.145644155981326,-10.029107889862185,-9.710189911562184,2.9250362965256436
2000-09-03,3.094175754794911,-9.386698787716647,-10.170559246344677,2.0385526670060985
2000-09-04,2.159328038972281,-10.530556048436601,-9.949508898853242,0.9463022785467414
2000-09-05,3.2944398624761138,-10.413083435622857,-10.380685249125111,0.17758904546426335
2000-09-06,3.794794432762578,-10.438181968213419,-10.385629121189204,-1.5724384624477241
2000-09-07,2.903576023736405,-10.827496454602226,-11.365197824957292,-1.6425523083088744
2000-09-08,2.502681297074807,-10.807699354624006,-8.548389766638167,-2.057793506598558
2000-09-09,1.3374265039711433,-12.67486803619688,-8.773829357704724,-2.220983553026756
2000-09-10,-0.9821957597290387,-13.641967084352348,-9.448855564375783,-2.6983752437818183
2000-09-11,-1.0493767235577485,-15.526093489316796,-8.811780304450657,-3.637886371177114
2000-09-12,-2.075552744682162,-15.727104526602027,-9.81017333482373,-2.0727556490971955
2000-09-13,-3.0257629204869256,-14.735326909200635,-11.487349148573314,-2.837199082104725
2000-09-14,-1.887735744671671,-13.93038757171164,-13.640951506071897,-1.6619931789916074
2000-09-15,-1.3048629074758,-12.623655651848825,-12.703461330552484,-2.75567436055035
2000-09-16,-2.921072103665476,-13.661762183489419,-12.801601637373345,-4.025559946076671
2000-09-17,-2.5161233200059328,-13.334824185307491,-13.581676804044475,-4.77173458092582
2000-09-18,-1.192107595265091,-12.846567652939644,-11.302645370211334,-5.424211106771624
2000-09-19,-1.0804595250406601,-13.330433332552072,-11.304551799207069,-4.251746888621456
2000-09-20,-2.710482254614138,-14.820093716872707,-12.645421050319019,-2.9370169035117155
2000-09-21,-3.2879906667482457,-14.13216490128111,-12.269758550174986,-3.391169271400347
2000-09-22,-3.93211178808621,-14.81621122418526,-12.521660454105316,-3.1599745617911417
2000-09-23,-5.3450234977584605,-14.71720615603783,-12.350255012925421,-2.9840128702044653
2000-09-24,-5.755483793537081,-15.946864451195783,-13.743778545105972,-3.823305748873786
2000-09-25,-5.7426030264484185,-17.769664963601397,-15.373714991557708,-3.848669417066741
2000-09-26,-4.945102309264933,-16.892794586749076,-15.234485868721594,-4.6590113321677515
2000-09-27,-6.888685865819098,-18.209961496400272,-15.22767356193721,-4.969438191575987
2000-09-28,-6.497373862136017,-18.336274443702486,-17.094148318077664,-6.375722832993598
2000-09-29,-7.80159010760825,-21.512143431099,-16.504568133192116,-6.431010022711508
2000-09-30,-7.4366731758812765,-20.62536842567337,-15.144049875022564,-6.724848401632832
2000-10-01,-6.795031468459021,-18.658659052439752,-14.051582889639892,-7.006535919671793
2000-10-02,-6.654204449134632,-19.268268957543135,-13.175193735158516,-6.952312851839573
2000-10-03,-6.41197686147222,-19.868930822439765,-12.132862081189685,-6.4170372951475745
2000-10-04,-3.5763937915111677,-20.140240485702666,-11.949045248527412,-7.021449783372675
2000-10-05,-1.8640135329336895,-19.446594913355845,-9.990402963715125,-7.174303444381221
2000-10-06,0.26713158760745204,-18.603514261320555,-10.697618382218362,-6.938162901826577
2000-10-07,1.4529508362135093,-19.419552542424164,-11.128145349439038,-6.831869894457019
2000-10-08,2.2093401943286244,-20.3514508167976,-10.22588530166606,-7.117614172785253
2000-10-09,3.088301316682525,-20.522559042953937,-9.414977204352176,-5.8504353549416015
2000-10-10,4.574603302415723,-21.494066557804505,-8.480777474913967,-6.0635726422054965
2000-10-11,5.0182404497175295,-22.069519899381334,-8.104006804101536,-5.32829201000232
2000-10-12,4.240369090455103,-22.77816393226266,-6.094830695925407,-5.323999727799074
2000-10-13,4.107739843841665,-20.739276069478052,-6.851651996720101,-6.153803266743328
2000-10-14,3.3029151568460433,-21.437384488650927,-7.09668475528537,-6.147528746711311
2000-10-15,4.798151190422591,-21.83467802702788,-8.107764881789768,-5.2315710255533325
2000-10-16,5.741618810897466,-21.327963203858705,-8.689185867572036,-6.402569745931484
2000-10-17,6.231069468526778,-20.11530414280596,-7.682387902768381,-5.720609749849632
2000-10-18,8.168336914061502,-19.05045906787342,-6.569368598320282,-5.249984824868646
2000-10-19,7.719644777421617,-17.570926991883557,-6.813492968339965,-5.868645422310199
2000-10-20,8.559265559937055,-18.03584572084538,-6.708226638079079,-5.862405666250602
2000-10-21,7.5680430395729745,-17.0756036119957,-7.173782145173267,-6.435354747945728
2000-10-22,8.771016635980699,-17.401911522814004,-7.0412545183414235,-6.598315436565838
2000-10-23,8.723412559357874,-18.432214557108054,-6.9742442084615215,-7.100990302734448
2000-10-24,9.61640702426346,-18.235354887007862,-6.935339543515837,-9.029726277807754
2000-10-25,8.52138083335311,-17.602401735549993,-8.829158712967596,-8.240395739441453
2000-10-26,10.619477480386776,-16.785878042770975,-8.915475357534913,-7.862126610997304
2000-10-27,10.739413171634995,-16.746601881421128,-8.322591107085142,-8.722725934434887
2000-10-28,12.943307720166185,-16.6776075419376,-7.936745184604676,-8.899249115154118
2000-10-29,12.432764358908067,-17.425532505827363,-8.15136744810262,-9.12627507822408
2000-10-30,12.135171017348544,-18.74709073353488,-8.592276272211622,-9.72862512529499
2000-10-31,11.073108687393688,-20.588762607807325,-7.932082564087547,-9.406686174448735
2000-11-01,11.57444650453386,-20.949926300653452,-7.207608324659679,-8.20407576054768
2000-11-02,11.252771916893995,-21.52239106989895,-5.8797902380562785,-8.027541584486743
2000-11-03,9.949997148964108,-23.67629455808195,-6.562079822195336,-7.619559516911712
2000-11-04,9.335627007958747,-22.301080284922183,-6.398452081789515,-6.750660969116484
2000-11-05,10.323334118977526,-22.717511899397085,-7.408204423178917,-6.127155359984959
2000-11-06,9.72281867739852,-22.359997350549083,-7.040639180256094,-8.159632645823264
2000-11-07,9.927583285908243,-21.688300376604833,-5.947201852454954,-7.153707308332916
2000-11-08,8.99123270941413,-23.032646272401347,-5.766414537169356,-7.039470927788411
2000-11-09,8.994077111727192,-23.77761274808624,-4.432928490879047,-7.910986976362519
2000-11-10,8.329087172505517,-25.376913513245604,-5.177355025845144,-7.019063064089683
2000-11-11,7.661821592347388,-24.57605239952888,-4.368686304515323,-7.764584392808163
2000-11-12,8.03355964857155,-24.17949136961338,-3.5376611262266735,-7.365279589840961
2000-11-13,7.394138922162346,-24.034114808387613,-3.0995618472186326,-5.902764484090171
2000-11-14,8.817170513349595,-24.361329661919456,-1.3978249410378647,-5.191578042747174
2000-11-15,9.879835931026536,-25.91964157905174,-0.10954031456416846,-5.154210611015167
2000-11-16,8.419579620945733,-25.14713165119445,1.5475220490699857,-4.404754274126811
2000-11-17,8.155800415723666,-25.502989397545722,3.067635429693578,-6.608218902705379
2000-11-18,8.06648764660525,-26.291047005203033,4.047768642304627,-5.905839234760215
2000-11-19,5.928136767890679,-26.103341219705047,3.4853100645957813,-5.17145009608948
2000-11-20,5.679914651103679,-25.345372816778156,3.3852539943425444,-4.42432431113832
2000-11-21,5.235135523370339,-25.58208078076701,2.97842933002135,-4.231117568435933
2000-11-22,4.012051722129529,-25.968695143123966,3.835331390326621,-4.471614303988787
2000-11-23,5.362245345461089,-25.707404346190472,2.064074754112304,-4.248584029262047
2000-11-24,5.636886268948921,-24.8329071325878,2.6714358476683424,-4.5196136836859075
2000-11-25,5.445753250530926,-26.086401018600455,3.708706156994314,-5.885174772580664
2000-11-26,5.388752219855305,-26.559480514294396,2.856951072307687,-6.242890073011634
2000-11-27,4.565307104326457,-27.074392540669983,3.0995879353666362,-6.06842887496524
2000-11-28,4.026142381664334,-27.870080884713857,1.9798206073314235,-7.415727520525684
2000-11-29,2.0725342712567993,-26.972270401034127,2.23399710352679,-7.833920558133571
2000-11-30,2.2211771334120516,-27.14823396832589,2.8827232839152286,-5.974160748532034
2000-12-01,2.308962118883723,-26.61076444195407,4.347732911296223,-4.94248111048243
2000-12-02,1.9526845925580891,-27.777877674983596,5.975464642312106,-5.3360554516120215
2000-12-03,3.0151388594577457,-27.556800684457972,4.679096367916884,-4.876352242908242
2000-12-04,3.3689764261447954,-27.317551106262442,6.122527736095168,-4.484249396337249
2000-12-05,3.797000018666112,-27.10290901810676,6.060178557650526,-5.796859480691908
2000-12-06,3.6496321916908228,-27.60685423415348,5.830134145465687,-5.775761516979642
2000-12-07,4.311537009352169,-27.187394822393575,4.7385686177019775,-5.5008452091762585
2000-12-08,4.290192465805721,-25.83693242111314,4.900551140367284,-5.266263499979877
2000-12-09,4.712662055507242,-24.959428485854918,5.983122633091807,-4.79475912817137
2000-12-10,3.681270549438278,-23.10960664024759,6.324227179901962,-5.647459190710509
2000-12-11,4.745817990547527,-22.833773039893114,6.858183827636172,-4.804473157029659
2000-12-12,5.836768180874537,-22.922185070590267,7.98221416903457,-4.949827182885014
2000-12-13,5.731011603096996,-23.394632837304126,7.038312714816537,-5.272336209425461
2000-12-14,5.16246530576943,-24.4840450978381,5.547249027240241,-6.694670602423701
2000-12-15,4.012729094881301,-25.503449327971904,6.187343369879308,-6.092389353162163
2000-12-16,4.664254409682581,-25.803357234411376,5.563348377289993,-5.643330671561675
2000-12-17,5.0356831588106195,-24.833368503945692,5.6859845391809865,-5.647048875484821
2000-12-18,5.1667564949232405,-22.181705563301556,4.757706270551674,-5.95371141744626
2000-12-19,5.001576561630049,-22.59851685516087,4.480030739793685,-6.476195306125955
2000-12-20,4.709087613354401,-20.545237794747635,5.902109311304095,-6.198916036824585
2000-12-21,4.473668592739941,-18.689733129871257,6.026230632015935,-7.948776493087169
2000-12-22,3.4670221986454712,-20.230822200760507,4.517337823156925,-8.361317849088369
2000-12-23,4.833522249704862,-18.035772161835173,4.468193987093371,-8.344259206628182
2000-12-24,5.022798718664858,-18.246222748424934,3.575290399598688,-8.12812922835273
2000-12-25,2.909927165416106,-19.13532430968199,3.8758693570856293,-9.025072840997497
2000-12-26,3.175054999684689,-20.533125796957947,2.8213265786576045,-8.018632075446305
2000-12-27,2.0624346047060946,-21.5551166102966,3.206485448493065,-8.991724055705026
2000-12-28,2.6845081177633707,-19.944524349825617,3.7835124383046814,-6.777594447652742
2000-12-29,4.193510231798927,-20.2614745726027,4.604037777184502,-7.200558649520258
2000-12-30,4.47575163947912,-18.567717835570914,4.654092080540067,-7.703918665522313
2000-12-31,5.947736415761092,-19.67849431160981,3.6348050370481495,-7.020130453888119
2001-01-01,6.793871046267222,-19.67622267875887,4.061610163674233,-6.702493604718628
2001-01-02,4.706649532607043,-19.964037384959347,3.5490869903821274,-6.393587978029255
2001-01-03,5.454965294447303,-19.516222139699767,2.489464961962623,-6.30812213077612
2001-01-04,6.695046840703556,-18.521821165567815,1.8405259423474265,-6.669095255682659
2001-01-05,7.646933320536765,-17.272774958762962,1.347716138041537,-5.675830172987622
2001-01-06,5.869050302079745,-16.786768461018994,1.1544294975191016,-5.9441579431275775
2001-01-07,6.652445656325812,-16.778342525969165,0.8042065280302924,-5.619250921136645
2001-01-08,6.48199738308352,-17.814981090321158,-0.07646349982911138,-7.200464721474011
2001-01-09,7.044154797433645,-17.99912810349828,-0.3124385778210226,-6.910140346207495
2001-01-10,6.161126655974672,-16.159286858385336,-2.2534808169456713,-7.886321903861609
2001-01-11,6.980036002681719,-16.30474577346076,-2.022105230970747,-7.461264841360118
2001-01-12,6.764185373765464,-16.807614319276965,-3.558666473156003,-5.828708796351246
2001-01-13,7.051414282751477,-15.54086219244133,-3.181837856038073,-6.029436272803305
2001-01-14,7.3586024251412985,-15.724537136511817,-2.511645471093892,-5.800323680186364
2001-01-15,6.462716158794696,-14.324562486398152,-3.3284469411912427,-6.820284487264806
2001-01-16,5.203798445738499,-12.214059428526575,-3.8754074859134837,-5.509673902632075
2001-01-17,3.5072103923198807,-12.462409951602629,-3.467566820040035,-5.168166714139134
2001-01-18,2.9155369767260257,-12.711359525304857,-4.987517948582651,-5.449760243512856
2001-01-19,3.4167850188403666,-11.57785561543554,-3.5022699698625934,-5.0867623931409955
2001-01-20,3.1831712704831268,-12.868614460540407,-4.354054642070623,-7.5979657224796995
2001-01-21,4.171303707791329,-13.50979821570422,-3.9416389769502693,-7.722744061303298
2001-01-22,4.518849880240329,-13.426980432481386,-5.842887609704224,-6.380451300653201
2001-01-23,5.873071577231845,-12.413243000550814,-5.006833127323602,-5.770263419941737
2001-01-24,6.511187926826944,-11.552405107440604,-6.364397934264246,-5.9989196433651495
2001-01-25,7.882683601927042,-11.717759633857131,-6.367948280726822,-5.812671676297261
2001-01-26,7.379055612501654,-10.057539555516973,-7.611450683944149,-5.564186684845079
2001-01-27,6.259557998913401,-8.534791104853175,-7.4977230332033455,-4.33909168795337
2001-01-28,5.883679512785791,-6.622961289152028,-7.110097478841881,-4.982540767114475
2001-01-29,6.785032431279676,-5.9370976883121465,-6.619583762066035,-4.052610544157888
2001-01-30,5.7740895722045895,-6.286917087193678,-6.3155954666295155,-4.203559655560462
2001-01-31,6.8947773100534855,-4.91567634688847,-5.649218574179992,-4.656737675921398
2001-02-01,5.479210263851904,-5.835153723036284,-6.239781116201868,-6.47316367827799
2001-02-02,7.081219153354156,-5.444049384315053,-5.97930735606575,-5.686958526915593
2001-02-03,6.345478191709769,-4.359108706986767,-7.257613552936212,-6.5511791780973025
2001-02-04,4.1043245505784025,-5.3457592487425885,-8.844185161723955,-4.748877280822777
2001-02-05,2.885459514396787,-5.702704407118571,-9.560501104735872,-4.337918966651017
2001-02-06,3.306471293217033,-5.5592850433324195,-9.908973420583843,-4.02141108776394
2001-02-07,3.8631111847635053,-6.607584850820857,-10.931436205405278,-3.6653716915608903
2001-02-08,4.379345283279411,-8.12047887984275,-11.009074189407139,-2.175101802056675
2001-02-09,5.534010650206358,-8.10033094490333,-11.398145844440704,-0.5265449796220523
2001-02-10,7.043531209601679,-7.24196682683236,-12.703966941867735,-0.980117144159161
2001-02-11,7.087773038754875,-7.1539152804375234,-12.565764373229579,-1.2954894215258927
2001-02-12,8.19090339546567,-7.321042402051421,-12.245104117661656,-0.5734995968591199
2001-02-13,8.21100267032929,-6.094395076806324,-11.894287035762629,-0.2559734583304915
2001-02-14,8.600259592533787,-6.643208099737367,-10.89041482022596,0.8764858514132607
2001-02-15,7.981976601460842,-6.390430298863125,-10.706483059197485,0.9016837099435543
2001-02-16,9.00824392651722,-6.5714646939442325,-12.624822446109665,-0.8011925045286418
2001-02-17,9.173640085524505,-6.383748081790617,-10.294843684977163,-0.45643022867437955
2001-02-18,8.924150200210406,-7.567090347755287,-9.70710247758451,-0.97302101483136
2001-02-19,8.940859716204534,-6.218897952608693,-10.404702953771128,-1.2227356213892886
2001-02-20,8.042293553004674,-4.762824973992533,-11.224166342795256,-0.18399405378148836
2001-02-21,9.367533166228245,-3.7965291242632944,-11.427812958194485,0.44361680920055746
2001-02-22,9.039940426533827,-5.194524516804359,-11.917671674380491,1.0502575692614333
2001-02-23,9.962214082929647,-5.701308741651875,-12.705321027006821,1.8685940475345832
2001-02-24,10.32686116693535,-4.9798222192406545,-11.581472114051492,2.4296537335902197
2001-02-25,11.889353868082392,-5.476727486243647,-10.792821104465665,0.7305381097486914
2001-02-26,12.999867428315046,-3.9275814301001493,-9.397268062729568,0.7109441623130409
2001-02-27,12.77804263841864,-2.7511068272983596,-8.602952848827174,2.1896918570622304
2001-02-28,12.329816759828581,-3.177385193911616,-8.53977351860701,2.0781939036361567
2001-03-01,13.157679894176303,-3.42404753522866,-8.61197291077349,1.6738538673476842
2001-03-02,13.499560443688145,-3.493834715843557,-7.6410222474759815,3.3500955364062186
2001-03-03,11.524411668304497,-3.874735308382729,-6.802899155143487,4.142806276848048
2001-03-04,11.546799340672147,-5.411425141810253,-4.999801611002013,4.238834551836633
2001-03-05,10.51057472209137,-5.953211137741234,-5.921495764176498,4.83062293520052
2001-03-06,11.330342812132377,-5.209071490418826,-6.182884027008773,4.929242879361206
2001-03-07,10.563392322042326,-4.984905962612189,-6.1469882327464,3.676315048495408
2001-03-08,10.690405609852707,-4.977383634102425,-4.964887310660567,2.6629237008175366
2001-03-09,9.932836931300141,-4.684579107764053,-5.2898908103475675,2.190152309667853
2001-03-10,8.279631701933289,-5.761593077449286,-5.334042277403977,1.3185483651923648
2001-03-11,7.266774939246821,-5.215760313899897,-5.69977321453266,0.8741066192566442
2001-03-12,6.665776578671507,-4.677313992438466,-6.170961822431103,-1.1041078342008497
2001-03-13,5.49537689945763,-3.1638930594795056,-7.932263896915675,0.24477103393625765
2001-03-14,4.516149898893425,-2.9193253229730844,-8.954714558316798,0.25199822589910154
2001-03-15,4.836449894265909,-1.0792690464388646,-7.991850798983997,0.876188759337134
2001-03-16,5.375210123444719,0.10700007009029222,-6.7038455819732174,1.2181254138141897
2001-03-17,4.606819244596652,-0.6037168408768179,-6.72612501427352,1.2238458036833884
2001-03-18,5.379199055730684,-0.07419010895671574,-7.602002432116969,0.9737691484258609
2001-03-19,4.7104841021715345,0.750913731828036,-6.530222256031432,0.5193432389087393
2001-03-20,5.154947920016269,2.6563406293764165,-6.931920569526663,-0.31448014034894534
2001-03-21,4.126564399416361,2.693941309325049,-7.506396611327539,-0.8468647187514836
2001-03-22,4.376447736855975,2.739406414891067,-7.547717828140717,-0.1718044286753444
2001-03-23,2.6595124625868114,2.661575269555913,-6.97791126422517,-1.042535554344614
2001-03-24,3.2636420621749704,1.8483285546325994,-6.878156956254932,0.014045952310544063
2001-03-25,2.762818806337922,1.14024525975815,-7.140247059927459,1.0255637610336743
2001-03-26,3.039980858794473,-0.04733770655582292,-6.715815544450237,0.1056628443679164
2001-03-27,2.882508697285884,-3.0608643503864448,-9.023723766962634,1.3028929731618848
2001-03-28,1.422211756376453,-2.7901594945366432,-8.860947523945235,0.803784252310551
2001-03-29,1.8515061215234918,-2.6882302593159118,-8.894689349121613,0.7489525842314579
2001-03-30,2.160906576903116,-3.1315867605339736,-9.9873090983503,-0.02012532487480634
2001-03-31,2.3057793446711057,-2.4675323594015452,-10.16160994831788,1.3068251340947792
2001-04-01,3.068896608284091,-2.8545746548151194,-9.145852408011743,2.284086576791977
2001-04-02,1.9208375363354921,-2.810581258072748,-8.989557650910507,0.8191833039486032
2001-04-03,0.46821488363983654,-2.676376073366694,-7.098475929016251,2.4892190064813304
2001-04-04,-0.33343273301458887,-2.406093552821062,-7.39858448250569,2.189578833745011
2001-04-05,-0.3866390755619282,-2.8220656615534265,-7.927583831357743,2.080192686147787
2001-04-06,0.3684150855742442,-2.6362936066339953,-8.917958301214187,3.0004645906539467
2001-04-07,-0.25090681692056793,-3.466390191336142,-7.044200648299013,1.158501649360149
2001-04-08,-1.5433066372175623,-2.543162038687265,-4.92563952143934,1.8615524884165024
2001-04-09,-1.3428323569421894,-1.3852380547986463,-5.570952867062932,0.7911327334764946
2001-04-10,-0.7713362330379107,-1.7408625767588517,-5.1679580282359305,2.902035245586439
2001-04-11,-0.23616932983544725,-2.3879475144711857,-5.52868202545725,2.5494464593954924
2001-04-12,0.3175488775720935,-3.1450552762208686,-4.868197736462288,3.6319153938372857
2001-04-13,-0.03760041578181583,-2.691532952251242,-3.270889645443317,4.374811808073354
2001-04-14,0.7545360717483905,-3.295723111647298,-3.243373398560515,4.236316990002305
2001-04-15,-0.0484355381389564,-3.6223663080501622,-2.5755628202243686,3.673562785778341
2001-04-16,-0.31796661451246827,-3.6130895168113923,-3.235823154900748,3.432127185398502
2001-04-17,-0.27429229657107185,-3.9328513771817613,-1.7894981604862634,5.272530665000291
2001-04-18,1.5708071759778617,-3.2245624851541406,-2.943800260242887,4.158013118931015
2001-04-19,1.0229542428077272,-3.2660606507550574,-4.548772008070511,3.2477287331900597
2001-04-20,0.5085057175223104,-4.317101936401729,-3.3519730862519377,3.12678555942904
2001-04-21,1.4780801201431482,-4.388055688778266,-4.72299756676804,3.4803053911721777
2001-04-22,2.6425646732437915,-3.5847104445911473,-3.8863978467413496,4.1591063246052125
2001-04-23,2.6063939542558923,-4.09401489014045,-5.039133868744361,4.518648396234044
2001-04-24,2.351283762018862,-4.56270174355083,-5.986265535284229,4.960671534007009
2001-04-25,0.12184723600949132,-4.478981960048199,-5.510618936635189,4.277329998483162
2001-04-26,0.2585382851715281,-5.19935961984122,-5.791053629983181,3.8408355114638324
2001-04-27,-1.8095960741769612,-6.925250412055559,-5.825943554097101,3.8512026162523108
2001-04-28,-2.12253996107953,-7.48140369499361,-6.644920375039241,2.767915727456651
2001-04-29,-2.9208508135993885,-7.119563764238747,-8.593788482177564,1.7606632957005537
2001-04-30,-3.4133061565222698,-8.525811025236942,-9.452202892042655,1.2788019584608414
2001-05-01,-2.146671541237802,-7.006420392562003,-9.263175834656007,0.9101682460586635
2001-05-02,-2.43550940736784,-7.07478875309501,-10.183879007644551,1.3639427682973737
2001-05-03,-3.3805985595097754,-6.713570200001602,-10.275990459014382,0.3603240122798692
2001-05-04,-2.1499110748900305,-5.048574599073948,-9.41087631390134,0.7069563310962805
2001-05-05,-2.902107419153097,-5.474330271957878,-10.697710201991343,-0.5639170328243333
2001-05-06,-2.6033104773758247,-6.6215735939028955,-10.31255052437465,-0.6803360027470313
2001-05-07,-1.4688582576033153,-7.890801651896039,-9.399089173491877,-0.6627474920236008
2001-05-08,-0.5201940366534848,-8.695421226347094,-8.888622432843473,-0.7170203185183202
2001-05-09,-0.26140143922349657,-9.986466241769119,-7.541140583101535,-0.07189538332815193
2001-05-10,-0.42544998673641254,-11.154585429158633,-7.738225866515652,-0.6231424566219833
2001-05-11,1.7226155211097982,-11.666457220260254,-7.608098530092353,-1.380652544602185
2001-05-12,2.0344206552646584,-11.34851581129577,-6.061242162384006,-2.6314977187909423
2001-05-13,1.4812394303894523,-12.272341592214147,-4.085604548327518,-2.6815380229061168
2001-05-14,1.6620576762393906,-10.279759028765097,-4.710677830981061,-2.2582789974947
2001-05-15,3.482040482597213,-11.491696296911709,-5.933578391613727,-1.7507544648878364
2001-05-16,2.888678518804099,-10.723968308335543,-4.717539683718579,-3.690548242654203
2001-05-17,2.369300255084644,-9.776913721858747,-4.339608508682251,-3.180146513548719
2001-05-18,1.815674237532831,-9.891034879100998,-5.474980882445441,-2.1975219131330617
2001-05-19,3.2415833749405314,-10.157973941429539,-6.076760666175641,-3.752383565432952
2001-05-20,1.1052467563828356,-9.44042607589489,-3.1778250847859706,-4.741962804418202
2001-05-21,0.09971437991493226,-8.680246546275722,-3.0625716829686582,-3.6464671503072026
2001-05-22,1.1152812587915688,-8.833753845509797,-3.4826674187018067,-2.1504169951002905
2001-05-23,0.9172281003519338,-9.056193753278386,-1.976167938418443,-3.2412897353109096
2001-05-24,1.280742241935699,-8.282465511340137,-2.892395712946316,-2.8117034158191188
2001-05-25,1.0310610406145868,-8.104247149572588,-2.3275780435218616,-2.3590366788727004
2001-05-26,2.14391426215171,-7.724246853117244,-1.0910986959929025,-1.279717652752532
2001-05-27,1.514214081151327,-7.214323160148756,-0.9435911974971126,-1.412100049835629
2001-05-28,2.5787889572029563,-7.480355943882569,-1.8547231065205332,-0.8317657003464396
2001-05-29,2.07248498622762,-7.066671618172455,-1.9283340020195072,-2.278904799900419
2001-05-30,2.612148959331779,-6.238455243209688,-1.109470088314532,-1.1090556998406917
2001-05-31,1.7253249223345444,-5.769134044914485,-1.2305884827796045,-2.0791929791316246
2001-06-01,1.9490139989044886,-3.5131839520777626,-1.3253714307417024,-4.117692626026898
2001-06-02,2.4435370333639423,-2.84219413915806,-2.692744952451048,-2.9188351142417437
2001-06-03,2.2444362495505508,-4.056868287572695,-3.7052830385009083,-2.5381953267707553
2001-06-04,1.270536137190304,-3.9836446681280706,-2.9803589828048054,-2.6833526232101708
2001-06-05,2.5718520311034205,-4.089803865766331,-3.6860220249154376,-4.186044278007443
2001-06-06,2.6906523631534913,-3.600527931701503,-4.035163397244072,-4.094836264889267
2001-06-07,1.9684936978881806,-3.6185775129587787,-3.851979076851449,-3.231381034505274
2001-06-08,1.2390194548076208,-3.1021820592628444,-2.6345323410635415,-4.016501171502916
2001-06-09,1.057327255856444,-4.502839545270678,-2.0174597602616533,-5.035454444190831
2001-06-10,2.1645766315060366,-5.787505349620342,-3.4324747441212713,-5.239849810129037
2001-06-11,3.1406360160684645,-5.82179948447115,-4.2214663814175015,-5.057347977683585
2001-06-12,3.3833940629764836,-5.562085675912051,-5.418802413767509,-3.3578411568861597
2001-06-13,3.9105456267488896,-6.483231400285638,-5.048428904643144,-2.739467620422788
2001-06-14,4.579776515877048,-7.652980340837486,-5.756521759178134,-4.290406844898812
2001-06-15,4.989647089782684,-8.530359360373877,-7.664157520679397,-4.6157108983733135
2001-06-16,5.624113878747669,-8.711568304216101,-7.158164658337637,-4.6415336289357825
2001-06-17,6.88762769768272,-8.517278013131978,-8.48192021439782,-4.43191492730554
2001-06-18,4.905743070742615,-8.946561902702868,-7.889607937852974,-5.570711104452548
2001-06-19,4.354035369072133,-8.235939103192944,-8.625392332188085,-4.67222416211042
2001-06-20,4.557576207846329,-8.689215862475788,-9.100992625251783,-4.292730669624127
2001-06-21,6.1382847727852905,-7.684777541887415,-9.37535382424884,-3.988333677387024
2001-06-22,6.071030960895883,-8.473507317040022,-9.638741729017498,-4.943628602303473
2001-06-23,6.765030284983021,-9.64992529258664,-9.917926566067216,-3.4642165358937174
2001-06-24,6.7319517926350425,-9.757102106446625,-10.426032111232013,-4.253399681903139
2001-06-25,6.423970429535624,-10.608739224622424,-9.871225237693851,-4.997980189410762
2001-06-26,5.774934401692759,-11.427009939009249,-10.997733631386058,-5.513477227789558
2001-06-27,6.060570161140484,-9.670940780549499,-10.819625403864144,-4.731425227418413
2001-06-28,8.446628474783282,-9.378881094821152,-10.804374200612935,-4.603848957289008
2001-06-29,7.281492117796992,-10.353020263571878,-11.278002378400362,-3.744864139304436
2001-06-30,7.849951267472136,-11.039021770279405,-10.697489541603778,-4.8060058037627025
2001-07-01,6.6122244942590225,-10.469105034511951,-12.480870971250159,-4.9842816834434895
2001-07-02,8.817270745473952,-12.275053692845358,-10.725435072080263,-5.468378065233251
2001-07-03,8.789551059445278,-11.128417403454117,-9.958953576154356,-6.91167831856772
2001-07-04,8.835923875218443,-11.237350408893178,-10.718872931362613,-7.0757980317752684
2001-07-05,8.809539039457032,-11.144280551999865,-9.683082115059227,-7.148975426381625
2001-07-06,8.05154066045645,-9.937768525717026,-10.442172798692583,-7.749496814092749
2001-07-07,9.439109290672858,-9.473661756949628,-10.27091065673888,-7.755064483940583
2001-07-08,7.975826560244208,-8.210893012685048,-9.723210829513754,-7.9125410652652555
2001-07-09,7.092716406866432,-7.638275239808488,-10.220135612822322,-7.088221172930603
2001-07-10,7.156480589122011,-7.221518585456822,-10.598707761654556,-5.249565982064379
2001-07-11,6.036180321399006,-6.6237335498357135,-11.682725546398707,-4.446404291178451
2001-07-12,5.855916378454935,-7.755223872530715,-10.886913617579738,-3.8289438291712017
2001-07-13,6.60357526357762,-6.355607803769188,-10.169253554371403,-2.241583476603928
2001-07-14,8.079700982903123,-6.7501022563259285,-11.641747297886472,-3.373884363399502
2001-07-15,8.338253694639159,-6.339973243172984,-10.771751935403174,-2.617832761285981
2001-07-16,9.807341866825626,-6.5667605245957965,-11.448544420139102,0.2983598194286343
2001-07-17,8.537728258942431,-5.064902116010359,-12.53813594020592,3.3338263125026737
2001-07-18,9.5478646500402,-5.427442137053349,-11.431471777565331,2.2597552631739397
2001-07-19,9.147061333489322,-5.739963615557655,-11.110538137873938,3.024688368777378
2001-07-20,8.47306577634608,-4.199910738337209,-10.877512944181117,4.970434905927404
2001-07-21,8.529293897703955,-3.6177518316448305,-11.033408295516226,4.30377883432947
2001-07-22,8.903374113788793,-3.9913927720274454,-10.810711085496612,4.935108645720005
2001-07-23,8.228124968301085,-4.435228959858472,-11.397325097253422,4.8672602844440025
2001-07-24,8.337015047817841,-4.712282195027933,-12.458131628924807,5.505353598732938
2001-07-25,9.186358443901291,-4.696340097721194,-12.115031482937042,5.639808911350933
2001-07-26,9.438732446082636,-3.63386596443162,-13.244423966629663,5.889957173871882
2001-07-27,9.835555209546074,-4.209111452437737,-13.351560790247243,4.493920117050946
2001-07-28,9.641949898002474,-4.10151710121774,-13.403654273590849,3.6716863636076633
2001-07-29,8.681648870517844,-3.657456786181434,-12.95897358986511,2.9697910361252977
2001-07-30,8.545644689080866,-4.305008284973423,-13.785002662232783,2.6928395591433154
2001-07-31,6.411884068909012,-4.66324236282036,-14.916999488166837,1.255758095815119
2001-08-01,7.062418392535799,-4.606094297374189,-14.48696285824547,0.5937843170175608
2001-08-02,8.14782640800022,-5.0417763256307335,-16.185922235819227,2.2370618789798686
2001-08-03,8.187005570831017,-5.607087700378819,-16.334642795852105,0.17718113123563572
2001-08-04,7.820703391650914,-5.364404874774215,-15.327597027485153,1.6282810617040893
2001-08-05,7.753389292826848,-4.785860249998945,-13.85145878270733,3.1348894784296695
2001-08-06,7.712312935313747,-4.6509744440634675,-14.98833342298237,2.6806057603047417
2001-08-07,8.117920669448546,-4.552494275717042,-12.951002188273115,3.3061353704632976
2001-08-08,8.831186535810362,-5.322152826699953,-13.320578739216218,3.412683345747765
2001-08-09,7.795969627081926,-5.253620612360259,-13.740811972851024,1.007717710887786
2001-08-10,8.133179279175575,-7.237421574765979,-12.946232753105694,1.2662514051398115
2001-08-11,8.970568247923946,-6.925406908530246,-13.743349216699956,0.6058758169167626
2001-08-12,8.033978699712868,-6.111224480437095,-12.290135920882863,0.08218592079735598
2001-08-13,7.8340148675748615,-4.917277538275717,-13.431595484974874,-0.5092429643540259
2001-08-14,8.185028897403864,-6.574181132429143,-14.401536486286648,1.1877470038159343
2001-08-15,8.889910331177463,-8.585292527549239,-14.894179725221111,1.3731231070530778
2001-08-16,8.319423947937782,-8.578542526565371,-14.964527587690675,1.505099167517024
2001-08-17,9.761769127912782,-9.612334244939303,-15.906774461864376,1.6438469244137341
2001-08-18,9.219887286129815,-9.058992936633633,-16.384611646456754,4.398407834828499
2001-08-19,7.738771198586175,-8.615390124320735,-17.252718477426683,4.850849314371791
2001-08-20,7.425066050500101,-9.139664828369613,-17.309534735641357,3.4455251818279775
2001-08-21,8.284035131140582,-10.068393344909266,-17.378377885408725,3.8694722455134833
2001-08-22,8.287030611465589,-9.460732106622583,-17.666997901518858,3.638660466647375
2001-08-23,9.216097841873394,-9.635312831258306,-18.59517879316298,3.9284316935580024
2001-08-24,8.79737804447212,-8.915724460784132,-18.990259068608815,3.917518158549917
2001-08-25,9.09594297463052,-7.644919059608465,-18.701938845298233,4.4316103482315325
2001-08-26,8.687463042430888,-6.169564436352312,-17.546136845066524,5.163102794276505
2001-08-27,9.142891016299163,-5.141953646015475,-15.54161924399746,3.4308386040444265
2001-08-28,8.228231932169074,-5.267352654017463,-17.43362125433157,3.656893795984868
2001-08-29,9.386709311698427,-6.950521075551645,-17.56952326115525,4.993195656982023
2001-08-30,11.39298423011296,-7.693154946865938,-18.160036516252635,5.051640686489949
2001-08-31,10.126216825233964,-7.16313424959739,-18.73613025143984,3.682588097105014
2001-09-01,9.614009786234858,-8.78750349141115,-18.512176059213377,3.988342028946347
2001-09-02,9.380168235521449,-8.289628801673139,-19.569499982393424,2.8685950090279757
2001-09-03,8.498546004791361,-7.700539857557829,-18.385983541586615,2.3837291879238336
2001-09-04,7.221080634455056,-7.856992528914022,-17.176211875801933,1.7776974548172182
2001-09-05,6.946795269568462,-7.947133576518639,-16.860356689310805,1.640641700293216
2001-09-06,8.076761774729757,-6.540819587384254,-16.756186874016567,2.103988990050871
2001-09-07,8.513706769897755,-7.490931225804215,-16.679318644645196,1.5588532115483977
2001-09-08,8.552772170954213,-7.019012410484821,-16.15794278787826,0.04758141595055565
2001-09-09,9.98132405188192,-7.997071703584891,-17.233051853700612,-0.6152617518223047
2001-09-10,9.327302991251694,-7.568823987934693,-17.075517887478416,-1.0675145372565535
2001-09-11,7.481987202462599,-7.005226327863687,-17.676715512946497,-0.8705065536287789
2001-09-12,7.302079974218115,-6.613765537893027,-17.92146303913636,-0.6354675697647433
2001-09-13,5.379880566905195,-6.852299723417291,-17.81878386274031,0.02785319443286427
2001-09-14,5.008287462263503,-6.375393981786642,-16.49130996452228,1.1216032013020816
2001-09-15,3.8058422191344947,-5.790953019133372,-15.917998514630227,0.03246701272715957
2001-09-16,4.951346266286784,-7.466265540951758,-15.441409511211269,-0.5729697677862693
2001-09-17,4.9865134179416755,-7.292663883702328,-16.383711004280492,-0.780018874817246
2001-09-18,5.876031335595705,-7.292663681448286,-16.200314235868426,0.5411827212823347
2001-09-19,5.487036572319735,-8.270174670774397,-14.918893656431312,0.9017186362361224
2001-09-20,4.903123396925086,-8.387465124820045,-15.844579047592072,-0.2915208439847271
2001-09-21,4.874507477967423,-7.772570153527639,-16.80203133613451,-1.0264496006927963
2001-09-22,5.580038905781083,-7.953687027582548,-17.583719572586784,-1.5549748968972368
2001-09-23,5.916598501264203,-7.229138401815734,-17.720164602250307,-0.05189808745226898
2001-09-24,6.689202829745062,-5.586487619384723,-17.51073567849495,0.952060352886166
2001-09-25,8.474193342516916,-5.884979916476354,-16.91601855609271,2.807371642279518
2001-09-26,7.297982437559965,-6.47830644143602,-17.562443491380424,2.2053178295910305
2001-09-27,7.093424314500799,-5.441756205741979,-16.5190964925477,1.4784216306345335
2001-09-28,6.302204738475455,-4.3744745631944975,-13.432061501983933,2.2196160699027807
2001-09-29,6.65344961661524,-3.723576992850427,-14.306761357079976,1.787826844176153
2001-09-30,5.433840784580593,-3.479086826870031,-15.183863416427549,1.4487918662949355
2001-10-01,4.895052117230532,-2.84226264135623,-15.521480795835737,1.7661856856993365
2001-10-02,4.754870232124279,-2.0664334318069035,-13.914094979572871,1.5951219739451326
2001-10-03,4.635606179189529,-1.7355529664972265,-13.080352312193336,3.0674783579122393
2001-10-04,5.900485373093499,-1.7549439175325552,-12.527613882882887,3.19597743323065
2001-10-05,4.6127991896393885,-2.5313721929732766,-12.151013967625076,3.417366668861714
2001-10-06,4.490243560179865,-3.01278837246677,-11.55795508004947,2.1889117459432383
2001-10-07,5.263324163705197,-3.187876113872016,-12.014322695418738,2.1953719723546152
2001-10-08,6.01527420519855,-2.4765452465794473,-13.039784496928018,1.5509967683594432
2001-10-09,7.216101812184611,-2.1270950229841774,-13.309401069966764,2.2415252884719883
2001-10-10,6.833004577845978,-0.9092086423759311,-13.050944049269594,2.6901831458918712
2001-10-11,5.7978610698839965,-2.4614091561405482,-12.826667054350008,2.4614125109174854
2001-10-12,4.467127553297162,-2.443721707149844,-12.805584958510057,2.6490659960988467
2001-10-13,3.6585406043285387,-2.192271827216041,-13.302696048031624,4.616150581566938
2001-10-14,5.15116858360645,-4.946838511568726,-11.33120079227537,2.094206448134705
2001-10-15,5.5133580556022395,-4.933897309739728,-10.93250285029021,3.5117284783618063
2001-10-16,6.584210114067579,-4.388628684622728,-9.672588386939879,4.141438095514405
2001-10-17,6.955723749000175,-4.29241695921861,-10.658730052940165,4.882796471631102
2001-10-18,5.575576400610954,-4.696323341390074,-10.92470947139593,4.023206492677529
2001-10-19,5.049768107522857,-2.9124387624992103,-11.253795038272392,3.6788563839186104
2001-10-20,4.810393769615221,-3.0796481421138244,-12.522996258360614,4.6979268342643925
2001-10-21,5.23352874509475,-1.5961277630046926,-13.039147502975045,4.331065355356104
2001-10-22,4.950082717255953,-3.5575092381139837,-13.36129409222516,5.913988730355663
2001-10-23,4.054395426336807,-4.62842470141823,-12.752351294803915,8.997521752081791
2001-10-24,2.5871553376848957,-5.998638841467941,-12.877453116063004,7.850037929784286
2001-10-25,2.3269392812343956,-7.269746575088107,-13.208230172626399,8.19253970367416
2001-10-26,3.1456554086504704,-8.697068610740232,-10.464275256956197,6.879926600408873
2001-10-27,3.461806217324665,-9.07763630810061,-9.623442180100938,6.5848657854258335
2001-10-28,2.092574409071636,-8.01902742474407,-9.806696234363828,6.684479777273795
2001-10-29,2.1563567064942606,-8.179008120987463,-8.835455712190807,5.849137158196607
2001-10-30,2.598801028701759,-5.1327838184047,-7.922741272907478,6.30354988902127
2001-10-31,1.8068443457016592,-7.089806490377258,-8.819090130784307,6.420122708035104
2001-11-01,0.31360610064493244,-6.657837946165276,-9.362869102299198,4.993225015292036
2001-11-02,-0.6510304275758707,-5.069425935005374,-10.411513548116611,5.45340028443954
2001-11-03,-0.3294175194112471,-6.1927783573631086,-9.984333966614184,6.274581210530067
2001-11-04,-0.33123072669976716,-7.522518470941115,-9.208719963769287,7.351483363433921
2001-11-05,-0.7749377647111791,-7.479069132016519,-8.328770614316012,8.125168612689357
2001-11-06,0.4571942562871064,-7.120448777673008,-9.08894992708754,7.367845800683322
2001-11-07,0.14797693888785163,-6.790794820446687,-7.571132965007319,7.93853779783128
2001-11-08,-0.5158261945186688,-5.784708761065279,-6.802564749065358,8.424687974219532
2001-11-09,-1.1032810689022179,-6.485221276864319,-7.256611315210291,8.925549943556396
2001-11-10,-0.5865484316441798,-6.157089099396975,-6.33246333998218,8.602948495149658
2001-11-11,-0.41854079267240873,-5.802491349491961,-6.601725511125149,8.869234268245352
2001-11-12,-0.37473065895236424,-6.392671452063127,-8.227818321526456,10.474394328081367
2001-11-13,-1.7571188234993793,-4.291802096729833,-7.857467071143256,9.571023389878624
2001-11-14,-0.1836280005055504,-4.272926806142788,-7.890592943604946,8.703891255656478
2001-11-15,-0.7985915378337036,-4.62558559575863,-8.23428453861425,7.829628958792657
2001-11-16,0.09449117439180243,-6.1698862250244675,-7.92319928949296,7.377086626374077
2001-11-17,2.353754580205028,-6.24180126084001,-7.3769103943218495,9.285339493658194
2001-11-18,1.4068148240074634,-7.596829031102264,-6.790070213699106,10.279590328597724
2001-11-19,1.106982248896691,-7.101112440547138,-4.878830058231345,10.037961342492515
2001-11-20,1.5929905892724108,-7.112688129153789,-5.2925988922336025,11.70294894579914
2001-11-21,0.3642408991807169,-6.904868491992887,-5.7231790892715235,12.14031651893451
2001-11-22,-0.2609322320371993,-7.468775709929631,-5.31399153408103,12.78567769316356
2001-11-23,-0.4559457980008073,-9.172320299340951,-3.306169726950068,13.840736903797431
2001-11-24,-0.9505916999247712,-11.322971819957942,-2.337670618183309,13.084625725870701
2001-11-25,-0.31421313064511247,-10.469890003202496,-4.13722323263748,13.669671894307386
2001-11-26,-0.24266747221718724,-10.44062520233212,-4.803890281599115,12.99841460812184
2001-11-27,0.38202174656707155,-9.96517463167098,-4.78494145706937,14.641105091704393
2001-11-28,-0.6720997160500658,-11.464294425678665,-5.350856232208855,13.940784948168702
2001-11-29,-0.1462206342499872,-11.919580308900095,-5.244478505211861,13.70709500984513
2001-11-30,1.1921760258086314,-11.094948256880837,-4.020676453276465,13.487469430091995
2001-12-01,2.2597451844460013,-12.202372297723857,-3.3511978695284736,13.284634547118113
2001-12-02,2.392762171617131,-12.12255590905104,-4.965020048289085,13.988745273664819
2001-12-03,2.4009130592335466,-12.420588799957098,-5.579935537709078,14.733985659136051
2001-12-04,1.5516723340477794,-11.822072791424114,-6.077227942525853,15.704689178566882
2001-12-05,1.248435137098372,-12.205866545416331,-5.263561804547279,13.817071697794633
2001-12-06,1.8643367192089597,-12.505140862214823,-5.609016637732276,14.537701753939599
2001-12-07,4.318357036048818,-13.624705577058839,-5.06416982136086,14.4411349430327
2001-12-08,6.0592136226817885,-13.082213591467642,-3.0299499843159685,15.278971546304781
2001-12-09,5.629158018679245,-12.93821341670663,-2.7179979540586925,16.581445550957543
2001-12-10,3.477724063601308,-14.358284651841505,-3.2796662925369793,16.043851543080848
2001-12-11,3.879442762496679,-13.118632349990728,-3.7243246741594596,16.965173582695623
2001-12-12,2.6787794216603498,-12.163019738631707,-3.0254754617214714,16.841044298689084
2001-12-13,2.5439548739322158,-11.52454424082976,-2.908273635209172,17.253460390054332
2001-12-14,2.0553362234411043,-12.07425816743543,-1.0849267300195748,15.34595714942381
2001-12-15,2.375149130586157,-12.111137077175298,-0.1349670584963667,15.723982227375373
2001-12-16,3.4613638457657183,-11.88213557156239,-1.6647097055853692,16.84412442506211
2001-12-17,1.9673522260675003,-9.357457278761837,-1.7234646258175879,16.073394761651002
2001-12-18,2.7365275730524328,-11.683799950895846,-2.3677509017279217,16.8899037884864
2001-12-19,2.372679162240281,-10.516228574455004,-3.4631456285900413,18.433407688696207
2001-12-20,3.405376752544697,-12.646792061151928,-2.4913418771407834,18.03451168027177
2001-12-21,3.879510732950725,-13.540079096642971,-2.7613090554025326,17.949940502874753
2001-12-22,5.028464365807518,-14.23356233495413,-2.0410168378688893,16.16178119429826
2001-12-23,2.969976889444224,-15.084691411248995,-2.6397662803932023,13.516466002657863
2001-12-24,0.6790594202310198,-14.444431819936366,-1.8369357238008983,13.941073516145192
2001-12-25,2.818572712806777,-15.96027936914858,-3.204214032260923,13.97012972895018
2001-12-26,2.5374693911087283,-15.155143110845884,-4.3423854559215105,13.85949350112327
2001-12-27,3.0522812142396902,-15.641034089283352,-3.124292591179024,14.162773656534098
2001-12-28,4.1967590631876845,-15.90247383859243,-2.118899726885603,14.55520345432107
2001-12-29,5.106131018013908,-14.13770378011532,-0.9709296476576976,14.399257402375373
2001-12-30,3.6189203309038485,-12.503726410031575,-0.8833920062502713,14.157725578491936
2001-12-31,3.444131833014125,-12.988124782065036,-1.5153808664473325,14.148697914234278
2002-01-01,3.4100650881146057,-11.048808975634552,-0.690518629636184,13.58100788561695
2002-01-02,5.4865068233081145,-10.509916779084733,0.2525012594520074,14.075535297186192
2002-01-03,6.316252907823299,-10.871433733400515,-0.3913397538988722,12.719274686813854
2002-01-04,6.023514921107886,-10.299137561166434,-2.299889076552732,12.383442950933667
2002-01-05,5.501183588501818,-9.149003766577911,-0.7369875160222064,12.806231998520577
2002-01-06,3.8974296756022557,-9.478733965462395,-1.2749817306041193,11.694835861032628
2002-01-07,4.6884978077361685,-9.277124868495193,-1.5006232313663965,11.904013335179307
2002-01-08,4.503462140117681,-9.455371333645266,-2.439513563967978,10.139900856729033
2002-01-09,5.29079497103365,-7.896985130801864,-4.768512444440843,11.075869572056217
2002-01-10,4.112685959229095,-9.332704569514837,-4.7214353455325195,11.513635637098437
2002-01-11,3.304560901160876,-9.637906329510342,-4.7083474064343,11.689015073590312
2002-01-12,2.0671297616803908,-10.423960211254892,-5.118139776264605,11.187949428410539
2002-01-13,3.1400277609699607,-10.897971453352202,-5.795934082911829,10.950810889195813
2002-01-14,4.065451254884984,-11.60579892694847,-4.732646550288727,9.342934171752992
2002-01-15,5.151714529249382,-11.916109246713619,-5.587133795882785,8.897691830058944
2002-01-16,3.783883339175493,-10.719687963680222,-6.25063986863776,8.65009090823505
2002-01-17,4.7602416467894075,-10.357003631121147,-5.6420225524423575,7.910911777420601
2002-01-18,6.053362255877104,-12.14692635153258,-5.365706657511835,6.634259461142412
2002-01-19,5.830745919401854,-13.213326434822624,-7.0756256181257795,6.731734593003663
2002-01-20,5.464032219280249,-14.334967289673255,-7.076922735887758,5.956633905766168
2002-01-21,5.147603059591221,-13.050984807302115,-7.394898950590433,6.289178916337375
2002-01-22,4.488391048028063,-13.312547982171807,-7.411724886747609,6.583787966619809
2002-01-23,5.433931358094743,-13.281781334886956,-8.538920116166276,6.837534573582667
2002-01-24,6.545837428337995,-11.370114103442287,-8.685343785741143,8.065244784016521
2002-01-25,4.831710051147134,-12.165032893394208,-10.525932174777182,7.211152788076864
2002-01-26,3.9018832029092527,-14.474619887795196,-12.376587852701768,7.754331103624838
2002-01-27,3.3620938370835622,-12.83952766609984,-11.202073364192909,8.208438168885946
2002-01-28,4.005415750337443,-12.120000731333974,-9.1856301587906,8.356451348989792
2002-01-29,3.431709637662986,-11.829711002658636,-9.058413363411908,8.988782207775765
2002-01-30,2.405651963188181,-11.028004142498629,-8.801733682338856,8.265688912194298
2002-01-31,2.4871905502677856,-11.30066332920283,-7.5852160426972866,6.283440436495685
2002-02-01,2.3716054772754385,-10.424992333885161,-7.427151615243566,6.732858525573369
2002-02-02,3.171042467860729,-9.767833751958626,-7.335589328233884,7.522886882738791
2002-02-03,2.6765418904300033,-8.437370390680709,-7.991917304425248,6.525302569797146
2002-02-04,2.8610537075080718,-10.852329247498156,-7.108786062813402,6.073957703388618
2002-02-05,1.2786256635259354,-11.311209680264158,-6.040482989265839,6.257869575477885
2002-02-06,1.0771282056742388,-9.84170665082683,-8.379964714622993,7.542464136231314
2002-02-07,-0.523717701490122,-8.690874752169002,-7.421093568553289,7.814178511987867
2002-02-08,-0.10536604094509128,-9.852877140236071,-8.871957996195311,7.020413191869382
2002-02-09,0.6202464393047837,-9.566337543500762,-9.908630840474839,6.582423854512222
2002-02-10,0.5811855039206008,-9.8448040400702,-9.21649722203943,5.153427234545587
2002-02-11,0.159021667940755,-8.800623501803344,-10.627950486212457,6.13098740425125
2002-02-12,1.387918556421941,-9.80249242129129,-12.441973912463562,7.997446951445187
2002-02-13,1.8437619837578674,-11.015893794473712,-11.645403130167777,9.042675370699616
2002-02-14,2.9596281176196233,-12.061480167556505,-10.455016948715933,9.770039837684621
2002-02-15,2.416091845508576,-11.29408836635197,-8.456786534780246,9.428373004515667
2002-02-16,0.9702531077492136,-11.36380356922329,-8.309842243874604,9.474306430845422
2002-02-17,1.2229316541426676,-11.053447269692949,-7.467782481882163,11.275797942715672
2002-02-18,0.5830140063959603,-10.198501951879408,-4.78213167798727,10.38058824391332
2002-02-19,-1.5364955953499313,-10.343213022132467,-6.087182243803198,11.663603171243189
2002-02-20,-1.7230721190247487,-9.702977498992686,-8.1286348737497,12.815367044762349
2002-02-21,-3.12007359003072,-10.79931439379026,-9.45346107699554,13.300231174318915
2002-02-22,-1.4534012573876327,-11.936473843491504,-8.441136122594296,11.090148370477948
2002-02-23,-2.3044753933530684,-12.146533510993924,-10.040657201201782,11.046451236284515
2002-02-24,-1.9857865268853852,-12.792696232573807,-9.735106882387011,11.559673014803872
2002-02-25,-2.972393841913875,-12.888834928436806,-9.478386334130555,13.405887862808656
2002-02-26,-3.3908266495806134,-13.405768035255152,-8.85505276175025,14.022194998365174
2002-02-27,-2.655668582844745,-14.622681542489234,-8.802963742215013,13.336076582832684
2002-02-28,-2.0104310590506635,-15.354382528910971,-9.488806021069264,13.69198575990265
2002-03-01,-0.5571329847325357,-16.501528321904292,-10.4056871336244,13.614303009685173
2002-03-02,-0.24215640813674305,-16.294839709691132,-8.534678911400928,14.743115035393702
2002-03-03,-0.4126116558752833,-17.030410373339887,-7.054977244826656,15.118981691146216
2002-03-04,-0.9834791979487523,-17.666268744532832,-6.013979685910437,13.434431004242082
2002-03-05,-1.2374632462140362,-19.378749331805263,-5.195329083181581,13.877912910991453
2002-03-06,-1.4771196848572683,-18.607762295045067,-3.685148660709456,16.143579545366478
2002-03-07,-0.20826370551560047,-20.92833163764718,-3.6729362605409426,15.105693766211301
2002-03-08,-1.1373562464034186,-21.742760955060174,-3.4652935135163534,15.311582964961245
2002-03-09,-0.354666528442774,-22.313806907779004,-2.342645307618733,14.940846448657915
2002-03-10,-0.7344784298826067,-21.740276423620735,-1.481611174874304,13.238739033853305
2002-03-11,-1.364056610479215,-21.759437934409004,-2.756614021035661,12.796467476432221
2002-03-12,-0.46714839500301686,-20.30648087201975,-3.029454964939878,10.739018260560965
2002-03-13,-0.7107487599376395,-19.724654048127736,-2.8755904393267038,9.38243724818669
2002-03-14,-1.892626082481943,-21.07287728844616,-2.6533030034400324,8.741149272968833
2002-03-15,-1.8489851753878,-22.11769951225842,-3.0033970275447115,9.003190462126298
2002-03-16,-2.5713059043669104,-22.543566132363,-2.0821052732434087,9.332598643842017
2002-03-17,-2.9966112519461294,-22.622775347864124,-0.8532726354691207,8.356219192217143
2002-03-18,-5.554613429002385,-23.351718253178174,-2.180051438593149,7.517285538855749
2002-03-19,-3.489864046597182,-23.00952257297357,-2.139546701800379,7.831055494934802
2002-03-20,-4.171936868412295,-21.679399592544218,-1.089425340685659,9.115657549381664
2002-03-21,-4.198896269610385,-20.22426759139081,-1.5651585779849897,8.859605839192156
2002-03-22,-2.8741513110410937,-19.283034954697,-0.7677131304813586,8.112605833562194
2002-03-23,-0.7074287286777521,-18.80468527724016,-1.0405970161455478,9.9162808621912
2002-03-24,-2.26380632191321,-20.10762589407768,-2.1393873754648527,10.575975774353594
2002-03-25,-4.1334388567485,-20.478605833276102,-1.1178644167417826,10.059520513683744
2002-03-26,-3.262001461137162,-20.814432701031414,-1.618713435516496,12.858437739435978
2002-03-27,-3.5813310127115603,-20.85660170107978,-2.2832896174038773,12.890656214008674
2002-03-28,-4.684026145691134,-21.294813723031787,-2.1147487893732198,11.956268563182931
2002-03-29,-5.33819321083528,-22.888748657299416,-2.4814277427401352,13.041955109527072
2002-03-30,-5.702777723363155,-23.017071878308588,-2.2129185260635684,14.268409327825688
2002-03-31,-7.72571630795211,-25.942257700654515,-0.46213452487645124,15.947474949104402
2002-04-01,-7.501504882466571,-25.4455681824184,0.14447997494914977,15.484558368943254
2002-04-02,-6.731678772548309,-25.399868163723593,-1.3580588422113231,16.389653207686237
2002-04-03,-4.039733999353691,-23.13035633502632,-1.7718691826726651,15.804503563226929
2002-04-04,-3.8597655819107373,-21.480577042912884,-2.056038396319313,15.51372850873623
2002-04-05,-3.471616136351074,-20.322559005029262,-0.1890216924196293,14.858132355271461
2002-04-06,-4.285668748788693,-19.093254863270495,0.07191671496062718,16.48473592698969
2002-04-07,-4.070634057515128,-19.11064295849922,-2.3550884894386153,15.617116146276768
2002-04-08,-3.7273714717773996,-20.534936789186474,-3.8351964457822803,14.732931534777174
2002-04-09,-4.609580520160738,-20.76426400436817,-5.600939292075295,15.603884491155242
2002-04-10,-3.084847458463092,-20.180080349343747,-6.042557626169476,16.491259045742456
2002-04-11,-6.078003016514566,-18.57550031238002,-6.750294534134455,17.788259554504695
2002-04-12,-7.796797467254138,-18.994032823406418,-6.694646467884891,16.740299699126343
2002-04-13,-8.11737532559684,-20.979002982595745,-8.326619316322878,16.39358059007182
2002-04-14,-7.726167622137226,-20.936896424742166,-9.76817636300672,17.087057123253427
2002-04-15,-9.3057967356193,-21.466950665733513,-7.503730357576502,18.286428143895797
2002-04-16,-10.456720736942023,-22.261849257537985,-8.189993011611552,16.000934165676117
2002-04-17,-11.226528342862592,-21.686069262032998,-9.226072819635082,14.729235070504446
2002-04-18,-10.328919028686261,-22.66609861300478,-7.840445073874526,13.651810308038575
2002-04-19,-11.094951971286196,-20.317866212083526,-7.995174913406866,13.84572639975792
2002-04-20,-9.274248768715609,-19.675847152555573,-9.451264008708378,12.67856470524656
2002-04-21,-9.729370185738286,-20.46929752155924,-10.174001278803049,12.337076712964974
2002-04-22,-8.544241857866304,-20.79576336016134,-10.974785048327767,11.354692406806086
2002-04-23,-7.819849262406635,-20.28866692789594,-10.38335234474163,11.302631325397577
2002-04-24,-8.610089694259322,-21.203692860434597,-9.859930894566691,11.389156586683225
2002-04-25,-9.69057542699068,-21.858868605107705,-9.397086251122667,10.638217262105409
2002-04-26,-8.817324394241371,-20.916151432143423,-8.653917032736386,11.170632718448013
2002-04-27,-8.00644937699714,-21.703165282950202,-8.544098882284116,11.272423425808448
2002-04-28,-8.877681534109811,-19.171955775574855,-7.871276581084306,12.054973705424032
2002-04-29,-8.719983034680501,-19.813299592350493,-8.993816076619824,12.290380934237282
2002-04-30,-11.034443694208353,-18.549295163757506,-8.48432736395829,13.70626219386181
2002-05-01,-11.756394882781777,-19.50393308326164,-9.726744649339496,15.258811348410891
2002-05-02,-13.19230763899586,-18.665462271698,-10.154818854010914,13.870855322898754
2002-05-03,-11.955029021405124,-19.445629612831915,-8.969817617967513,13.689105948143434
2002-05-04,-12.694315032916066,-18.912378956207913,-9.122627942050745,13.318264439356732
2002-05-05,-11.536506568524677,-19.07436488278787,-11.251340639997732,12.9405884101479
2002-05-06,-13.566435726949193,-20.055280456690344,-10.879251623247493,11.223992945065696
2002-05-07,-12.345984038357775,-20.36545107701694,-11.72353836415921,11.97565791356379
2002-05-08,-13.619860247519492,-19.56019548739718,-11.381159845934588,11.111259458989837
2002-05-09,-14.36262784264352,-19.449994372497716,-12.10423197102548,11.369502038941455
2002-05-10,-14.459641363531055,-19.809768524021102,-12.520119313909346,11.676228798228255
2002-05-11,-14.310549709109331,-19.501295041797395,-10.670822412654333,11.314488173837443
2002-05-12,-15.473500431085014,-18.992468598717227,-9.974464907242256,9.209362018591122
2002-05-13,-15.419320673961153,-20.52133286101151,-9.757952310256437,8.372611901904676
2002-05-14,-17.22993544270412,-20.596897518966006,-10.28641049568142,8.002312493502641
2002-05-15,-16.04631563103972,-21.356088807473686,-9.5844067870998,7.554495685054494
2002-05-16,-16.905450746170764,-21.261030078626856,-10.068337770944865,5.691423429031966
2002-05-17,-16.262532856094094,-21.50750102865364,-11.070651634336098,5.810559470931686
2002-05-18,-16.825625184727826,-23.67374050351305,-11.985414594168013,5.52098176956125
2002-05-19,-16.61619144138518,-23.0189144158866,-11.972021368238623,4.723290956399105
2002-05-20,-16.26208875427668,-21.769956517782923,-11.655066895850096,5.3022459521144
2002-05-21,-16.85377379490405,-21.466928386868652,-11.479416033790018,5.61327164266047
2002-05-22,-14.977980353141248,-22.593717033840512,-10.608003546676926,6.237130441204417
2002-05-23,-16.346654574478645,-23.058008801083975,-13.404559557325562,7.113195996851876
2002-05-24,-17.378769916983483,-23.583374858685318,-12.739927909269909,8.287438681358722
2002-05-25,-16.502519771851308,-23.80703222295141,-11.142653703773801,7.306327806360251
2002-05-26,-14.256596560691193,-23.612506086396994,-11.455598876540202,8.237291342881235
2002-05-27,-11.881399388524786,-22.013878825564362,-12.999384063277985,8.525343236378879
2002-05-28,-12.966619526146038,-22.18857621224805,-12.965750901535941,7.517759825008096
2002-05-29,-12.304655338974912,-22.126186833699766,-14.379507677399967,8.675473837609305
2002-05-30,-12.322669825082059,-22.990182002028643,-13.92247321959193,7.259224758762961
2002-05-31,-12.661438728395929,-24.727738213705205,-15.819664692979796,7.03698670153382
2002-06-01,-13.320178629522006,-25.894353319240164,-16.82529116180961,6.02028951694891
2002-06-02,-14.436066118370526,-26.983621658282914,-17.711492041796475,7.162789225007758
2002-06-03,-14.379676580906724,-27.621906452184685,-16.76892387094808,6.616139709219393
2002-06-04,-14.286195398659803,-27.370647688195795,-15.815333077553488,7.800116888579631
2002-06-05,-14.461901339775842,-26.505986652482783,-17.4585794876456,8.917112101619832
2002-06-06,-14.034552240616739,-27.513289752726966,-18.12075142967872,7.389352155092102
2002-06-07,-14.490338099318173,-26.399437253744576,-18.684291751032855,8.018271144223402
2002-06-08,-13.902226407949376,-26.730848874499937,-21.588400772494396,9.204183387156784
2002-06-09,-13.564656439451703,-25.213562652249717,-21.446120921729722,8.060153311643822
2002-06-10,-15.59089951920235,-22.546886831749404,-21.88710422867317,8.61260067882464
2002-06-11,-16.554012873795294,-25.04558999242896,-20.218117582890777,7.481603192069803
2002-06-12,-16.310507574729748,-23.449709402091198,-19.769432775272193,7.447520251843807
2002-06-13,-17.230653887721665,-23.796768247219465,-19.59409291686101,9.373342031308121
2002-06-14,-17.334374023731247,-22.288354774747802,-20.03063198654593,9.418192492812743
2002-06-15,-17.418392281918035,-23.012794350003105,-18.557247832246194,9.809989129465375
2002-06-16,-16.66297611678211,-22.045082791403853,-18.766557954172562,9.692699585160533
2002-06-17,-16.157346871995816,-22.044497681564565,-18.81669941617619,10.243968948275562
2002-06-18,-17.336618105542982,-22.871213974121588,-16.33579175182288,10.171430961649346
2002-06-19,-17.666676827358742,-22.739404196254572,-16.792349002873912,11.39866796215341
2002-06-20,-18.929468124464883,-22.021228478361884,-15.818004221789105,12.60906563468139
2002-06-21,-20.297813552019488,-21.970888404992888,-15.203650363161222,12.140590836244439
2002-06-22,-19.44199344351136,-21.34470618185709,-14.958869887790932,12.755596958222325
2002-06-23,-21.26390530569394,-21.16436559151209,-13.932640722754133,13.822499665593327
2002-06-24,-20.534623453007914,-21.109266754129006,-13.260121003538657,14.657545305936353
2002-06-25,-20.060036099578564,-21.51415357899031,-14.425964415233944,15.60858174876255
2002-06-26,-17.960517750579687,-21.92911699448539,-15.858015572420245,14.739040382866728
2002-06-27,-17.379916863590804,-22.840430079224912,-17.37751948869903,14.28466549741562
2002-06-28,-16.244011229940345,-21.980728099163123,-19.6398548745381,13.954208332177396
2002-06-29,-15.226279731497232,-21.68111854973143,-21.826453997816518,13.315296128023787
2002-06-30,-15.776599500677323,-20.10582406779121,-22.930595492781837,12.828897502521572
2002-07-01,-16.503429582443623,-19.912127093666683,-24.30604671900217,13.901130359715513
2002-07-02,-15.485119067143934,-18.977179350596366,-23.80491175199854,13.968757353241964
2002-07-03,-15.139617381159809,-19.795186371824407,-23.743558371784353,12.337499346575356
2002-07-04,-15.780044685265594,-19.676184740264166,-22.655065817561933,13.274221212356855
2002-07-05,-15.933889859476547,-21.077298278351837,-22.005391136282626,13.781459341481682
2002-07-06,-17.364746985016644,-20.969123683114184,-22.93143378068098,16.17452533587797
2002-07-07,-16.751160828679346,-19.57698158978894,-23.82088610946026,15.650636132559892
2002-07-08,-17.83401213853685,-20.969770555946457,-24.249224319377717,16.221577899771493
2002-07-09,-20.37211277182662,-19.734521864900636,-23.033872722527228,16.01880974524666
2002-07-10,-23.021886359336946,-19.77656777914015,-23.675350306075725,15.737665626026189
2002-07-11,-24.025658076915565,-19.701296956988916,-24.972164516611432,14.841528139869885
2002-07-12,-24.709474438945914,-19.761620024621596,-25.386598610213568,14.462852835325707
2002-07-13,-26.257981641606662,-20.105679401023437,-26.17348599169339,12.863508719091314
2002-07-14,-27.789828010883063,-19.45276363464299,-26.906310875126994,13.199130634167632
2002-07-15,-28.569134314509935,-18.474626978574506,-25.19635316275101,13.597787381041783
2002-07-16,-27.699502550065457,-17.29519819006587,-25.783388069265694,14.365362919798908
2002-07-17,-27.46070669626965,-16.81224997227467,-27.399211562340966,14.460730555561941
2002-07-18,-26.98095386643349,-17.50885687007198,-28.312373267535843,16.525942437757912
2002-07-19,-27.321135482716077,-15.928400946709301,-27.908377899735367,17.439780874073346
2002-07-20,-26.28913892870727,-16.11812846372167,-28.012902215587047,17.672770421599136
2002-07-21,-26.904037977931562,-18.57255569262481,-27.362649219962954,17.381943526597084
2002-07-22,-27.096602674914052,-18.8091172681774,-24.85025138443944,16.380683365376555
2002-07-23,-27.295159347935815,-18.86052956054767,-25.117084905756712,16.98774441900555
2002-07-24,-28.417985391744892,-20.59341390409291,-23.426616934028853,18.192847843023284
2002-07-25,-30.156578847209104,-19.97226318679402,-23.102698311604946,17.289765631956747
2002-07-26,-29.24093402504706,-21.472838884256554,-23.50345362295121,16.642306494738122
2002-07-27,-30.159801532890526,-20.395464469613405,-23.646709510976507,16.621652974325155
2002-07-28,-31.74729883161015,-20.398787453529188,-23.813619744840658,16.198577481683884
2002-07-29,-32.24081964561483,-20.290920148895033,-25.140028076156472,16.6230498633066
2002-07-30,-31.836669768857302,-19.460326031082126,-26.861852344810046,15.80488388576728
2002-07-31,-31.9823955991659,-20.705859208292882,-26.91068472267835,16.54153990671443
2002-08-01,-33.39969578148002,-21.570011222708576,-26.0785061755355,16.399429516664046
2002-08-02,-32.039421945774485,-22.22709229540244,-25.57280662381889,16.991347207401454
2002-08-03,-30.643354369284012,-23.05603014705275,-24.201326036862785,15.656349829430642
2002-08-04,-30.841173118803162,-23.160996878104935,-23.643837574854878,14.767865433244818
2002-08-05,-30.10960656823564,-22.468373750854965,-24.01971432213699,15.77620561420485
2002-08-06,-30.9276149245806,-20.712862433823112,-25.68119862471362,16.088241753254028
2002-08-07,-31.574710312511918,-20.812088669930105,-24.693630220438493,15.732394613599578
2002-08-08,-30.755671035605072,-19.544745558688774,-25.378359573015928,16.989821677264406
2002-08-09,-31.01808598961913,-18.08131604902658,-26.41788969896793,18.34817543293286
2002-08-10,-27.707698993105218,-17.841126960440146,-27.26651056127663,18.86769213348121
2002-08-11,-27.141879062426575,-18.36716155756766,-26.1465253109741,18.997570700752785
2002-08-12,-26.62508514611578,-18.002000536281916,-26.276504181218137,19.220160811145753
2002-08-13,-27.027510586620913,-17.787329258817213,-25.848575838145425,18.94562526621314
2002-08-14,-25.750829038117125,-19.22887362993622,-25.98834193823233,19.61404276619762
2002-08-15,-25.044851312730344,-20.315210940250868,-25.907241893771957,21.057653758387218
2002-08-16,-22.814263269518356,-19.525547818463465,-27.85266651246227,20.2425499401097
2002-08-17,-22.360026394291932,-18.459326667483634,-26.92986825845991,21.943407514965685
2002-08-18,-21.19732515156404,-19.290627487118986,-27.578263143560612,21.072918219401146
2002-08-19,-21.721919113678496,-18.846400556209534,-27.673732813856777,20.11374173645379
2002-08-20,-22.834110409393162,-18.83260293395011,-27.40982971985926,19.35390886857798
2002-08-21,-20.956960490524416,-19.23649240753329,-28.007582579183854,19.22903026003572
2002-08-22,-19.934821581976593,-20.664419029838346,-27.613563569483095,19.61305312413065
2002-08-23,-19.800545770528448,-22.25465311936752,-27.003303247975825,19.199754708061157
2002-08-24,-19.871302584323825,-20.08295748071971,-27.457131147955558,20.237145577835964
2002-08-25,-18.504668162792672,-20.26644087849158,-27.89699543139309,19.745844896289093
2002-08-26,-18.87377558172187,-19.39065628166711,-29.475837128157647,19.975284384812067
2002-08-27,-20.336255142585152,-19.698072150713127,-29.979064900800076,21.158214284883503
2002-08-28,-20.313679241092743,-20.736041650526154,-29.57595442384806,20.32542739853253
2002-08-29,-19.57764947755208,-21.111765935647163,-28.37985833368216,18.812601201369134
2002-08-30,-20.217843647157565,-19.913684128956827,-28.326547776459915,18.650410979871808
2002-08-31,-19.78699877103029,-21.20809601310972,-28.10505779823901,19.685179816694998
2002-09-01,-21.217255944482407,-20.235785929333623,-30.57082700002312,19.333794355428285
2002-09-02,-23.521712883079957,-19.37091246750069,-29.620901704783407,18.96108235174411
2002-09-03,-21.931662402971906,-19.78074319452087,-30.323482321552355,18.386767375672097
2002-09-04,-21.305448892833112,-19.21165477802857,-30.096580634263166,20.615887964668698
2002-09-05,-22.53177651262347,-18.82298523080562,-31.67839174657893,19.524378436313718
2002-09-06,-22.822891186730814,-18.14728089441566,-30.909570842347588,18.302157025523037
2002-09-07,-22.286501922894807,-16.795927768727783,-30.350001989980626,18.370800095970008
2002-09-08,-22.046253056271926,-17.949819061459287,-30.16169782766322,16.996899411357614
2002-09-09,-22.917129207477792,-17.397193513532116,-29.491590391623994,18.670564556492224
2002-09-10,-21.780561534180276,-17.9817219787533,-31.004836217071976,19.124661741224685
2002-09-11,-21.92432778825205,-17.41945062492571,-28.554665877704554,19.25407769013732
2002-09-12,-20.874172963955616,-18.00380512824741,-30.416096200973286,19.352627824750794
2002-09-13,-20.321003065965822,-19.627239724097937,-31.76218286265459,18.85512610684318
2002-09-14,-19.794167570582598,-20.00216525479186,-33.02747493600927,20.71462914005653
2002-09-15,-20.307869406752964,-19.31602482541291,-32.72244362624084,21.871453419163384
2002-09-16,-22.60683712037739,-19.78078062408675,-32.96373764897178,22.62046042532822
2002-09-17,-22.6242884316661,-18.85943957754016,-33.42257885572237,22.77446611063725
2002-09-18,-22.34469611048621,-17.894753359587646,-33.62797269682609,22.630979305313293
2002-09-19,-23.461585532821605,-15.806773122863724,-32.910432911919216,22.54887867321389
2002-09-20,-22.5266285240284,-17.346522308225975,-31.647787034402352,22.953298436495132
2002-09-21,-22.688435847944074,-17.993218111509286,-31.713231967725836,22.299760705833158
2002-09-22,-23.65011272515695,-18.199696835507574,-29.75757106351589,21.540387951120827
2002-09-23,-24.835905172692623,-17.110620789323942,-28.608086822306184,22.21662719108971
2002-09-24,-25.535358320982358,-18.094353928112987,-28.46077963938585,21.527685265121516
2002-09-25,-24.083949379956756,-18.153152782111814,-28.253110194091033,21.222679238699946
2002-09-26,-25.88570659522927,-18.884145008575572,-27.628928890672743,21.4646575494152
